CBSAFP2,zone_name,is_nonmsa,n_bg,SUM_TotPop,D1B_weighted,D1D_weighted,D2A_weighted,D3B_weighted,pct_near_transit,D5AR_weighted,pct_white,pct_male,avg_hh_size,Veh_Within,ATF_Within,atf_share_within,atf_share_total
RAL2,AL-NonMSA areas (NE),1,357,461064,0.5347057898330223,0.4552181717803897,0.4810464788801623,13.654861037681796,0.0,4826.620031058595,75.9641438498068,48.91171117228871,2.6040335564782646,338293485,31907375.0,0.086189359,0.083310348
RAL1,AL-NonMSA areas (NW),1,173,198213,0.394979782294954,0.3896072935731415,0.489183783436163,12.43373285314174,0.0,4447.578438346627,88.68503841732712,49.366769516203846,2.598592933223284,149238337,13221253.0,0.081381795,0.079292428
RAL3,AL-NonMSA areas (SE),1,73,88591,0.6406671619434264,0.5252341964036304,0.5314803121431921,12.409691344851607,0.0,3727.651409285368,40.44152880775813,49.70336565887051,2.744121974891206,63509746,6687651.0,0.095269216,0.092451643
RAL4,AL-NonMSA areas (SW),1,373,398516,0.5229211722983821,0.4279785672739666,0.5245060179648665,13.72639152836014,0.0,2842.003417679591,55.96715619005739,48.215400400817806,2.645576898647429,276456412,27558517.0,0.090648565,0.088750785
RAR2,AR-NonMSA areas (E),1,213,192133,0.6615751559583903,0.5118154784027529,0.5539670086539872,18.545853097916904,0.0,2426.583939250415,55.91844709411007,49.38111884419192,2.497085893615338,134061752,14413247.0,0.097075246,0.096267532
RAR1,AR-NonMSA areas (N),1,414,526690,0.6577258324096292,0.646832289030988,0.4945969509537916,18.17282801276583,0.0,4297.809724885607,88.0958532980207,49.20394569351719,2.5179802425431146,415952087,41573524.0,0.090866004,0.090000151
RAR3,AR-NonMSA areas (W),1,325,418243,0.7699162445477994,0.718910397218715,0.5364642346698036,21.86310707736773,0.0,4128.564358518852,73.86526677447372,49.12162843035168,2.6502149197548133,314682564,31727187.0,0.091588608,0.090963787
RAZ2,AZ-NonMSA areas,1,215,281010,1.2156935059318523,0.7105635660541829,0.4522775254070075,20.084229984587058,4.883100245542863,934.6577773032988,40.88346431549256,50.273022405932345,3.0651651423040533,201600495,30248125.0,0.130464977535773,0.130221195490547
10180,"Abilene, TX",0,144,170009,3.705749088494058,2.5966970817760213,0.5080227879287834,66.1524914853449,0.0,15499.201895193784,64.19209112375417,50.497161171624604,2.801020826836914,154451306,15609104.0,0.091785643,0.091513811
10420,"Akron, OH",0,553,704454,4.831905224421767,3.589914862635128,0.5228868207930369,65.13632234817462,0.2539555457134178,59047.18076410951,79.88562822780584,48.63997044803899,2.4563329064049726,573747401,83654426.0,0.127250066,0.123521075745879
10500,"Albany, GA",0,111,153101,1.8381671043746792,1.49784802779171,0.5422972174218695,53.35475714553912,0.0,10976.656364099515,41.07199408846194,47.3292515570569,2.652619051785996,133404708,16043124.0,0.107349325750005,0.106431095816354
10540,"Albany, OR",0,85,122870,3.7147135670931006,2.7962639711616712,0.5508684448829693,49.94522913686602,47.634898673394645,9661.633352323592,84.91379310344827,49.29147207472331,2.6181483187471213,80487819,18262847.0,0.184938975500175,0.175850801860039
10580,"Albany-Schenectady-Troy, NY",0,670,880481,6.111283183385511,5.5517476556423375,0.510024698166332,58.90060647476578,46.99862915838048,34158.618923065915,79.70277131853359,48.990957562765686,2.497032998500197,684047392,186065033.0,0.213840220704813,0.211472290981753
10740,"Albuquerque, NM",0,587,928368,6.672651570519752,4.780536708199758,0.4706715537124,89.70465863196125,59.39099581200559,40853.74082045051,39.84912966446876,49.219808473536446,2.5905144940646005,788412710,138212717.0,0.149157052000473,0.148773193720071
10780,"Alexandria, LA",0,112,153894,1.6838811317126117,1.5564060635409551,0.5174368342977749,32.16298781044713,0.0,9015.298809570224,63.44856826038745,49.57537016502511,2.7634875714259963,146213867,13093348.0,0.082189297,0.081714105
10900,"Allentown-Bethlehem-Easton, PA-NJ",0,578,834615,7.877187767454475,5.22506610007351,0.5205328789003398,122.84115833332466,54.23171162751687,46410.243452370254,73.10633827198816,49.08310550256086,2.6132112850943283,686891678,129057402.0,0.158168450903824,0.155855646284801
11020,"Altoona, PA",0,113,123842,4.583962536929652,3.760156897405324,0.568832211195985,86.72158446408733,0.0,13484.641309087385,94.5711571408852,48.92860332746008,2.362678893450485,115580990,25613145.0,0.181403745984208,0.179839527608644
11100,"Amarillo, TX",0,204,263412,5.290640609511274,3.504774731772525,0.5015176679365716,77.85310183997217,54.552184410733,28019.602520006683,59.63544825912896,50.22405374256945,2.7097026041399146,251492481,26275325.0,0.094594566,0.094538544
11180,"Ames, IA",0,63,96922,6.528865509343614,6.903176207227942,0.5336122602118103,65.17113846758134,0.0,21776.15846763377,83.83862349263985,52.21939117607617,2.5638306312977703,74138517,10087788.0,0.119770040962856,0.118046593209534
11460,"Ann Arbor, MI",0,251,365961,7.857703498343632,6.539724819319185,0.4793390540757465,76.90810508318715,51.95662925830895,67076.69892146977,70.12752043596731,49.57029972752044,2.598322064497858,235535937,42191363.0,0.151916513068755,0.145686373231275
11500,"Anniston-Oxford-Jacksonville, AL",0,91,115098,1.217882377434154,1.0631522211987667,0.4305156096585767,35.148511754075315,0.0,8424.989304766374,72.07244935350468,48.10849953759445,2.569622239659231,97495649,9645173.0,0.090023325,0.087277054
11540,"Appleton, WI",0,164,234561,3.804050938701472,3.103001297531508,0.558494900327912,57.45497411518974,0.0,43758.32364715362,88.24800108645832,49.96350179095863,2.521299020919159,175029086,25055162.0,0.125223061037768,0.118183689279248
11700,"Asheville, NC",0,290,449937,1.588714731367036,1.7493809798271032,0.5301005518774774,40.43794921893906,19.48917292865445,17205.068345123873,85.14980708747201,48.08837220562957,2.3694225995536,375099363,42424727.0,0.101610249602604,0.10126417599648
12020,"Athens-Clarke County, GA",0,111,205303,4.27057034986287,2.410395571565433,0.5120275496157743,71.2856020654831,0.0,19482.779647642757,65.58139088636985,48.301088473881904,2.650034324070072,195247912,20947287.0,0.096890621,0.09589568
12060,"Atlanta-Sandy Springs-Roswell, GA",0,2597,5779463,4.49238368624472,3.931788976605157,0.5117415484589061,45.58239616668947,29.972334799963253,103806.23255724624,47.06638414416972,48.34406382069943,2.785846528160581,4919338562,641023171.0,0.115284436837196,0.114879163426242
12100,"Atlantic City-Hammonton, NJ",0,184,268539,7.261149884662835,6.1935850790280425,0.5610616325412723,82.63801262716794,65.0996689493891,23374.584827529707,56.3950320362263,48.39856447642848,2.6650475713570354,221139174,52274989.0,0.191193420364255,0.185194941066739
12220,"Auburn-Opelika, AL",0,77,159287,2.288269131794659,2.179352073324069,0.473706663323262,48.255060108746406,0.0,11045.090340077972,67.44191818903892,49.30314237490072,2.6752992346896427,133910132,12302073.0,0.084138482,0.076760962
12260,"Augusta-Richmond County, GA-SC",0,362,594300,2.3201983584272527,1.7590315305694637,0.4871451149126498,34.45727506277906,0.0,21769.669796399125,54.5680902444231,48.563247144839366,2.7861902327958736,561697859,62918998.0,0.100732148508121,0.100404071
12420,"Austin-Round Rock, TX",0,967,2058351,6.8088777829886125,5.550602979651862,0.5159322797110089,63.32248278461408,36.027577415125016,112677.27255652704,52.09542380231939,50.11031284391477,2.7640149074038973,1620400733,232266486.0,0.125368702818291,0.125024643206137
12540,"Bakersfield, CA",0,456,883053,7.737404069450553,3.893252976658229,0.4967212750802016,63.03905512817937,58.38573675645743,27683.537993755755,34.16076995091484,51.2417745462411,3.2841291687940743,971585698,143237375.0,0.128484401219421,0.128279007045217
12580,"Baltimore-Columbia-Towson, MD",0,1969,2812843,10.956135076839455,7.962063298183401,0.4937635844648569,93.42816412103802,56.22908921685285,102366.03344018845,56.69341245456311,48.20441513221926,2.662046025555469,2125559594,358582323.0,0.14434856581505,0.143267133796705
12620,"Bangor, ME",0,117,151748,1.8530134047079387,1.9974167611432811,0.5355747594106635,28.688820362776127,0.0,7551.276168384426,93.62670813182758,49.570413904884894,2.441823798185212,136510558,19550987.0,0.125277415394036,0.123704464403375
12700,"Barnstable Town, MA",0,196,213690,1.991337793616351,2.016860093019745,0.5370620404349842,46.52004184007419,26.046141607000795,8312.687308718238,89.27239854610859,47.81635253119496,2.263456421021384,214792677,40353743.0,0.158159158180624,0.15672947
12940,"Baton Rouge, LA",0,483,829642,3.215230281453144,2.7994549027821365,0.5069706795634129,34.41349579840608,0.0,52505.02882568626,56.5730188497788,48.90976630121177,2.772994109587671,839872034,74419697.0,0.081396008,0.081073727
12980,"Battle Creek, MI",0,117,134473,2.624064172418904,2.096198816116741,0.4712657647000634,48.56661553235805,0.0,17766.437976396748,77.52212916877775,49.01126575865049,2.4858217110259115,108675572,18012588.0,0.1421805163166,0.139661685894421
13020,"Bay City, MI",0,93,104786,3.243224466047936,2.352549295748794,0.5377017204091017,70.71056350558665,0.0,16829.98580917298,90.06378237147467,49.12299239222316,2.3479104174654366,75511052,11141656.0,0.128578278246076,0.124886310786266
13140,"Beaumont-Port Arthur, TX",0,323,409693,3.261606459064196,2.210499878533537,0.4687669759920953,51.69784272120769,0.0,20733.84192309852,56.309400422403,50.42289189612015,2.71597299217251,318393640,38389598.0,0.107599219669619,0.106892664
13220,"Beckley, WV",0,96,120358,1.129013293825854,1.1376482632888452,0.5311894992000314,29.736794862172328,0.0,6440.888798418053,89.04130339650588,50.152321001784095,2.44280897952471,93422712,11609309.0,0.110531139832109,0.110202292131918
13380,"Bellingham, WA",0,102,216812,4.179614740062222,3.44320739149874,0.5338829280947986,51.49784072781675,0.0,10623.493339852035,78.92274738362747,49.39294722875089,2.5521653202038763,151098003,29891698.0,0.165156900281304,0.16503786748354
13460,"Bend-Redmond, OR",0,85,180640,3.1964329188843816,2.7514667782218294,0.5608803203212854,57.04443306661052,32.925155004428696,9854.479406554474,87.25107516201255,49.35866116155081,2.5034746024705297,168870347,27257108.0,0.138976503825025,0.13856609
13740,"Billings, MT",0,124,169086,4.306812993649576,3.676448455473512,0.5083118528007834,64.39449647684079,1.0763753356280237,16088.183799959785,86.86572772158067,49.36800267710896,2.390303115352231,190360696,26467923.0,0.122068402,0.121953038104174
13780,"Binghamton, NY",0,249,243447,4.328262755281789,3.949563338989552,0.4879453859811928,50.671900456448384,3.763858252514921,15511.717577131778,85.71901072459215,49.29053970248973,2.4536057375303058,178495071,47083679.0,0.208723911272671,0.205645614155987
13820,"Birmingham-Hoover, AL",0,807,1147054,2.59962832980803,2.3543113566219778,0.4930454093942377,43.86751647053927,21.88170740000035,47967.19767944665,63.51475501113586,48.10594724387528,2.597129113088904,893412609,88444933.0,0.090079191,0.089712817
13900,"Bismarck, ND",0,81,130531,3.5579927547664103,3.7731168797106966,0.5731057524422338,59.141493021332266,0.0,16986.19286606247,86.6063574873366,50.21080408868938,2.401150722843305,126379456,14283489.0,0.101544077582053,0.101527543292886
13980,"Blacksburg-Christiansburg-Radford, VA",0,124,182341,6.622075173985487,2.136028993819844,0.4843887077793302,77.48357723416689,39.04716986305877,7877.31420799491,86.60412408419138,50.574007200434,2.6373529496777177,134785480,17531793.0,0.11510049159034,0.114236564699519
14010,"Bloomington, IL",0,123,189261,5.424332300726589,4.498858553933205,0.5296680522248899,79.85925503876238,53.79713728660421,24781.420260909537,80.74797092992414,48.70776086149276,2.5987399881443087,155805485,28445539.0,0.154384699647585,0.153134677275299
14020,"Bloomington, IN",0,111,166281,5.609964513168973,5.029341892259297,0.4993991898760246,115.31144830244406,50.80917242499143,16389.249830106866,85.08691182096403,49.90077467482785,2.59776397515528,141851994,18968068.0,0.11794590652502,0.116877641869923
14100,"Bloomsburg-Berwick, PA",0,68,84514,3.1474080177957315,2.6753513298579006,0.539067957027788,62.79184973457423,0.0,9844.808398608517,92.80253411770308,47.97199133064996,2.4862032212221696,58387207,11634515.0,0.166155797,0.160182125210686
14260,"Boise City, ID",0,279,693952,4.703310133323301,3.689939500500888,0.5617913657658994,69.31465975870063,34.949391312367425,35631.050415590704,80.14528458247214,49.93436446085294,2.729752773947743,710221666,98909507.0,0.122241622002123,0.122141774028263
14460,"Boston-Cambridge-Newton, MA-NH",0,3418,4811732,16.92299750096411,13.892412505186677,0.5092892245952927,107.95158767156624,63.06643844669654,144423.71155604676,70.34663908586016,48.58714587076339,2.638871307988076,4316003041,1041753389.0,0.194438362887654,0.19138561395813
14500,"Boulder, CO",0,200,321030,8.925551757120795,6.617496909565605,0.5248856986035734,97.3457594877552,82.63869420303398,42352.86809643958,77.57092803323928,50.29642491705684,2.5311776478436605,255228377,45780716.0,0.152090807436173,0.144630980275908
14540,"Bowling Green, KY",0,109,172088,2.9781009348302976,2.605429547480454,0.4559840863028004,57.30404732285759,0.0,13120.327599832644,82.725876514344,49.26818645485909,2.6571141430137653,169959416,14808338.0,0.080145684,0.079826379
14740,"Bremerton-Silverdale, WA",0,164,262475,3.675478561479309,2.6846855402674223,0.4597493214039818,48.38482695256596,53.03362224973807,7130.330248595104,76.68777878908689,51.14411656298658,2.558698141714704,186524037,32055346.0,0.146653108632849,0.145911741862576
14860,"Bridgeport-Stamford-Norwalk, CT",0,654,944348,9.834100193896068,7.507517043713504,0.5311715400367903,65.37605136101722,50.33546955147891,84650.75347964946,61.74414096020239,48.6940713572886,2.7747105285591247,930124497,165476424.0,0.151037134807228,0.148621505861951
15180,"Brownsville-Harlingen, TX",0,225,421750,5.248696548612879,3.141477248629565,0.4567231814918271,52.996769518074544,0.0,24036.01067931239,8.95732641474532,48.60434561951877,3.38402150796517,399135092,38700738.0,0.08839098,0.088195235
15260,"Brunswick, GA",0,75,116655,1.9300907812211576,1.6839919584869727,0.5103964000089939,38.98154636680594,0.0,5290.207997942652,67.95059625212947,47.77086882453151,2.4987229695215394,106163466,13048560.0,0.109456742224983,0.107634879184225
15380,"Buffalo-Cheektowaga-Niagara Falls, NY",0,955,1131570,7.832081970372525,6.168511909454386,0.5049322028340874,71.4634501982714,62.62635099905442,58226.955559974194,77.34926007034308,48.45267325856615,2.36386853069625,951350814,260352469.0,0.214864870511373,0.214235641
15500,"Burlington, NC",0,113,160576,2.133137474993418,1.797063268481192,0.5293118580801064,36.69758780539469,1.674596452770028,23892.438041799523,64.05855844823786,47.47740687222943,2.5345520569841247,135074238,16908125.0,0.111250573199734,0.108796137673126
15540,"Burlington-South Burlington, VT",0,145,218042,4.085957843857909,4.22397472628578,0.592373887169996,44.859651343288505,51.87211638124764,12422.505801634548,89.85437691970162,49.228462776071375,2.4952839334390218,149880218,31365854.0,0.173056738024093,0.172522710246309
RCA4,CA-NonMSA areas (E),1,158,187941,1.2118435238420793,1.139559510182261,0.5074962927372793,13.75328618032708,16.998419716826024,1407.94862217398,76.92307692307693,51.67961257643032,2.5250046825248176,166369760,24506984.0,0.128391670385995,0.127887702611303
RCA5,CA-NonMSA areas (NE),1,139,160844,1.4703615729358754,1.064200420497515,0.471213439373715,19.59119721705161,32.454427892865134,2545.851750764716,80.77040374932314,52.78678525415606,2.5294238035264485,133039001,18823819.0,0.123952781859312,0.122348623267413
RCA7,CA-NonMSA areas (NW),1,178,219594,2.9260920729573656,2.3360685669361883,0.5293349477513398,47.688185011981176,58.49704454584369,4352.682933049173,73.59371228990497,50.347217478814045,2.445386011603176,200766088,30252231.0,0.130951654098046,0.130647009935228
RCA6,CA-NonMSA areas (W),1,213,264304,2.219727426168276,1.5384034674470608,0.5543895022009631,38.9757226654018,40.489360736122045,2451.086933985108,63.365828048692975,49.89103380029536,2.606710708976164,240995132,36956828.0,0.132961206677585,0.132328827
RCO1,CO-NonMSA areas (E),1,146,147752,1.5475588085893512,1.2206270785954223,0.611592008049655,42.33757428790525,8.489901997942498,1535.7617426498457,65.59801882919804,52.65109455649096,2.560462471569371,114625055,23705320.0,0.171367424,0.17088659789601
RCO3,CO-NonMSA areas (NW),1,160,229579,1.8925207405484643,2.086304544450031,0.6569556627465505,28.300107927067845,17.744218765653653,2338.543459985452,75.79289733531134,52.48627864832252,2.7239193694701997,191524394,32689896.0,0.145797558219862,0.145645311328771
RCO2,CO-NonMSA areas (SW),1,260,322326,1.4199078219461676,1.381500217502408,0.5345051657624837,29.095151706244906,7.059622866290651,1957.0643137692896,74.88435608483834,51.76049407017371,2.4813291308296384,274911648,47395711.0,0.147051284050886,0.146899525792724
15680,"California-Lexington Park, MD",0,56,111531,1.6677830571028596,1.182567775662618,0.5236560013984959,19.670692604835388,0.0,4980.751521998368,74.09119244812538,50.00178110250245,2.769037285460643,76811991,10110718.0,0.116318487036569,0.112330867747097
15940,"Canton-Massillon, OH",0,301,401053,3.577627990636531,3.000499141518572,0.5284312793281736,79.58330009067528,0.0,41670.54490054931,87.17803750475314,48.71840414673685,2.426200852158924,351329932,47337746.0,0.118739864333822,0.116102881702707
15980,"Cape Coral-Fort Myers, FL",0,514,718679,4.211875344137725,3.29083995751308,0.460819310651736,57.48744793838423,44.8709368160194,20502.24667341052,67.18664403065625,48.98273552208367,2.672324388962368,600830488,87459409.0,0.127067692524913,0.125980160089713
16020,"Cape Girardeau, MO-IL",0,76,97137,2.460658968480196,2.2709060718497325,0.5240706496381672,42.9499495649377,0.0,8766.117782101568,85.71605345652532,48.5016911400759,2.66850114196087,106502038,10336559.0,0.088468702,0.086438543
16060,"Carbondale-Marion, IL",0,109,125850,2.4311124604056418,2.1742060553209623,0.4718982464136018,52.252360524897895,0.0,9660.742081843464,82.43030404784176,49.676604386028025,2.4567685417976115,110273696,16949880.0,0.133229080119553,0.131123317810201
16180,"Carson City, NV",0,43,54467,6.706671890203193,4.963578391588712,0.5516886088921151,96.62920725886026,34.69623808911818,11687.144344281858,66.98190714403081,51.36289777810234,2.407075368050978,54752805,8925535.0,0.140165949677708,0.129900833410406
16220,"Casper, WY",0,48,80610,3.71357880074502,3.0477833133488548,0.5648384805284267,87.63965162331836,4.895174295993053,8720.913335814415,86.68915638654101,50.21846563678688,2.4492515015701697,105050429,13815328.0,0.116226307295549,0.116238033
16300,"Cedar Rapids, IA",0,176,268315,3.326185623260684,3.036601189344049,0.5550691774421798,48.004162719530655,52.15250731416432,30021.65536030412,87.39187427792754,49.54527949758569,2.470483839982436,250976131,27364250.0,0.098312181,0.097163013
16540,"Chambersburg-Waynesboro, PA",0,89,153751,1.91788813172329,1.718246112842014,0.5399536815891304,31.52070099423021,0.0,8235.839122997573,88.08085788241094,49.11545472827885,2.550498031040074,111532004,23708754.0,0.17530775744395,0.169950763036697
16580,"Champaign-Urbana, IL",0,215,267442,8.437413398475936,6.897626847705748,0.5124307579443371,69.20384133662014,55.46735366920677,19034.89547640236,72.60821600194461,49.67371589910435,2.509125200566748,198868794,43019751.0,0.177849476088254,0.176306011875682
16620,"Charleston, WV",0,196,217312,2.46758077972688,2.8870528864964564,0.5105502383681214,51.03810656622949,0.0,17302.810452252983,89.221668626024,48.41432010300621,2.3484377054209213,150458004,21257694.0,0.123795868680567,0.121259888544586
16700,"Charleston-North Charleston, SC",0,402,759247,4.003879014570972,3.3548524883904194,0.5245829361622484,48.221677891116585,29.78371992250216,41513.77143538269,64.18913684558454,48.853465684021344,2.657639820606876,719710869,90913950.0,0.112152931749799,0.112018505302852
16740,"Charlotte-Concord-Gastonia, NC-SC",0,1408,2529836,3.362280296935125,2.9865290307930623,0.5259576493818954,45.26693904812103,26.37313248763952,65587.92171231653,61.359979794789865,48.49444414916008,2.6738545453036564,2218609499,257485261.0,0.103988452,0.103492549
16820,"Charlottesville, VA",0,149,230905,3.997069216424925,4.189324135518164,0.5335751772119821,47.94317590688328,35.148221129901906,16621.441229076892,74.40689192444,48.39099542373464,2.5882955393024525,172399453,26821007.0,0.134629781,0.13317864
16860,"Chattanooga, TN-GA",0,362,552043,2.292293051154456,2.0615201314312097,0.4560330189683935,35.57965748098773,16.412308461478545,27688.03152290673,78.23012572612093,48.47080863488365,2.537843461120794,451286008,45635269.0,0.091836013,0.091208451
16940,"Cheyenne, WY",0,69,97692,4.203077835281433,3.334177636312647,0.5232766055618804,75.34635930099896,0.0,11475.987102321582,78.84560618388934,50.70890968266883,2.4776352594309907,122950111,16481494.0,0.118204864671822,0.118172880665986
16980,"Chicago-Naperville-Elgin, IL-IN-WI",0,6590,9536428,17.04915401448277,13.985438410924504,0.4786481400461689,120.30755852003544,61.14227465461911,249099.7709099256,52.89703379202312,48.94682237825633,2.7054424929458967,8149045504,1586421980.0,0.162952830216653,0.162772595244257
17020,"Chico, CA",0,195,227075,5.451893108657786,3.757551546768152,0.5009079771642913,55.822033361576494,2.75459649895409,9410.395737091269,71.97730905999106,49.48033141880372,2.646706516643225,238688650,34504157.0,0.126299654002237,0.12571700995387
17140,"Cincinnati, OH-KY-IN",0,1548,2168825,5.151395599303463,4.358256833430931,0.4894801595176076,58.79414481119112,41.01031664611023,53611.54711468191,79.3724273933474,49.0358504741008,2.555808129680783,1802446135,238649213.0,0.116922128715762,0.116018112070161
17300,"Clarksville, TN-KY",0,147,282994,2.581306040778013,1.716269075085341,0.4369251689528373,34.09153292216545,0.0,11036.801518760116,65.14195418171394,50.7304845774936,2.7443442387028685,282835213,28335373.0,0.091060577,0.090726965
17420,"Cleveland, TN",0,67,121339,1.638775841181781,1.4351726521275785,0.4698840903994529,34.38621747795683,0.0,18145.84032339149,86.7651738289696,48.81897473136264,2.5762059905412507,103660613,9303547.0,0.082358396,0.081563765
17460,"Cleveland-Elyria, OH",0,1694,2061766,7.081529958851817,5.532787368825664,0.4933561635848627,62.826295712028966,57.23074296501155,82115.01332498451,69.7722978971247,48.28761562313736,2.386436202303716,1638844084,269721868.0,0.141321743541195,0.139680648598081
17660,"Coeur d'Alene, ID",0,66,153605,2.9146030558059968,2.4354877853035406,0.5742422340034691,58.80240420798804,0.0,10473.572754793138,90.6275028285936,49.40822008365009,2.5250706214689265,167953648,21824096.0,0.114998184402487,0.114051209054717
17780,"College Station-Bryan, TX",0,146,253946,6.141514086166034,4.910265219567036,0.5272021967286488,54.20604586234831,0.0,27381.582600237845,56.51186494541312,50.34124071325317,2.784505643925496,240381390,23237444.0,0.08814789,0.088030587
17820,"Colorado Springs, CO",0,380,712266,6.401836155810361,4.261915769095188,0.481988686179226,91.40764955643226,40.20829296919971,23462.296219389948,69.76840295342903,50.50228196898955,2.7020895968329257,737907400,109280669.0,0.128992219081877,0.128930392263451
17860,"Columbia, MO",0,87,176515,3.826726096609632,4.02662720985034,0.5415508693415441,49.77488608829596,0.0,21163.62571452851,78.88219036200191,48.59809401579501,2.515626106288676,191448487,19712765.0,0.093354083,0.092944313
17900,"Columbia, SC",0,495,816664,2.8551748747099044,2.3150673685527963,0.4952308320583466,38.92234655806537,30.83459048029545,36738.69515124947,56.35064868891321,48.52707460347116,2.638525484873608,716463102,82149639.0,0.102865425,0.102329793
17980,"Columbus, GA-AL",0,192,307724,3.1078576987424427,2.356120421556441,0.4809499210394868,46.72812263949178,0.0,16880.486910348234,46.59993220073797,49.366011708411015,2.687468792431343,311593224,36147803.0,0.103950354411302,0.098769822
18020,"Columbus, IN",0,59,81893,2.3541645343492243,2.162296581012156,0.524139872009394,50.13625801982892,0.0,17338.326694589283,81.48543300881416,49.91452576957117,2.6224405443215058,83043747,10748601.0,0.114599977814821,0.112765404199306
18140,"Columbus, OH",0,1349,2054062,6.675284949499833,5.151817442776924,0.5020403744652524,80.50594030023831,36.22505065572509,91377.99377282673,72.79696750492477,49.21773967265725,2.615348499400213,1704403108,247748546.0,0.126910501800594,0.12657926214539
18580,"Corpus Christi, TX",0,306,452295,6.680603597473555,4.332990846653875,0.4724353705106717,73.55940914997304,61.65953636454085,32425.933410716458,32.84121763316483,49.48985673605439,2.798137087160355,390696748,44356717.0,0.101956933040402,0.101371217326906
18700,"Corvallis, OR",0,61,89780,6.11359952732318,5.99050909913692,0.544334184120876,67.08767625252992,74.65471151704166,12689.031087101805,80.21666831308242,50.26397532571592,2.5507307240047035,60111194,12005915.0,0.166478040599215,0.161279860081587
18880,"Crestview-Fort Walton Beach-Destin, FL",0,162,266595,3.327980009485672,3.3027168999760588,0.5646991697630072,48.18560466417497,0.0,6844.746540632795,76.29348369453348,50.70831005381245,2.5816173540073257,219045714,29303049.0,0.117991523879666,0.117220133906118
19060,"Cumberland, MD-WV",0,74,99255,2.2498283955355305,1.9670666511227612,0.5277590729372376,48.88096559994436,47.07470656390107,6258.909102815979,88.90297326897335,51.66916805256967,2.573717865065901,75974719,11700090.0,0.133448708168842,0.132392585799915
19100,"Dallas-Fort Worth-Arlington, TX",0,4163,7255028,8.673428794562474,5.955211407570753,0.461248228847364,84.89606826323254,40.92807084962319,244628.38429844796,46.37178845619444,49.19479182077687,2.864897847596408,5597736559,723902337.0,0.114511814,0.114325460144898
19140,"Dalton, GA",0,97,143406,1.511228893053974,1.332967977610333,0.4758235652068788,23.813360812778157,0.0,12865.57504567452,65.08220976514473,49.576621446086094,2.878414044067661,130091713,12894879.0,0.090182435,0.089876692
19180,"Danville, IL",0,66,78407,1.9302380808274504,1.5722083989524789,0.5319037802377683,45.554642304921664,0.0,7822.728735954698,78.22673181800602,49.72087206528887,2.489904015922442,66624712,10274302.0,0.133607720900037,0.132321239803748
19300,"Daphne-Fairhope-Foley, AL",0,94,208107,1.0496678835891595,0.948461767522996,0.6050207275890701,19.224867777568992,0.0,9139.37464861826,83.07240520603298,48.62848282666917,2.629803533918201,197547027,17029497.0,0.079363281,0.079071893
19340,"Davenport-Moline-Rock Island, IA-IL",0,311,382720,4.374824911788073,3.378100561256522,0.5343688873944991,66.13623753218664,0.0,31322.16999111622,78.86246474716337,49.27684134583853,2.476143147610417,334670570,46548297.0,0.122103864812126,0.12176393
19380,"Dayton, OH",0,618,802645,5.066760866413644,3.913120421987213,0.5000185350883517,65.05953656442924,50.29197216702278,51620.01863962275,76.2633735842388,48.53268586746447,2.427805725507969,693967481,94251564.0,0.119575344693682,0.117333198735423
19460,"Decatur, AL",0,106,152293,1.5986726310575143,1.365886369860272,0.4637858747804824,24.66996364822256,0.0,13564.466186889746,75.81745703384098,49.03560100084717,2.5987029610034984,124168350,11298643.0,0.083405136,0.082586442
19500,"Decatur, IL",0,99,106512,3.4514633193181155,2.836099052164361,0.4994753104032047,60.40377955726923,0.0,16385.278954484,76.26127662800394,47.93514517474035,2.403169976316269,111124029,17017113.0,0.132799760751313,0.131935706294915
19660,"Deltona-Daytona Beach-Ormond Beach, FL",0,341,634773,3.766829146245957,2.921045463941073,0.4683813732572518,52.72975705918518,47.815518303393496,18459.501376082477,72.18144232911644,48.57014210382987,2.4990255823305594,562494442,75365979.0,0.118154343048665,0.117732466502167
19740,"Denver-Aurora-Lakewood, CO",0,1797,2850221,10.45327433522468,8.274083047864332,0.4723937382374442,118.16268278007776,66.15637875098106,102852.51817841492,64.05946475633681,49.967393551876064,2.6004841178067952,2518653556,452596771.0,0.152325358414677,0.15164393448711
19780,"Des Moines-West Des Moines, IA",0,396,634201,4.97619629814293,4.256604920931681,0.5823196380381329,53.811700363275534,52.064408602320086,60914.72443594381,80.76392299228556,49.295846879720514,2.5497109391407027,571030493,70871897.0,0.110409149590485,0.110148556924228
19820,"Detroit-Warren-Dearborn, MI",0,3698,4317179,7.065530828721721,4.9676999432587685,0.45918798749757,76.4429383430957,20.480341445189094,112243.90587395147,66.35875093333532,48.68207495956319,2.534217543060618,3309410859,495116622.0,0.130138795,0.129514890139324
20020,"Dothan, AL",0,110,147967,1.260474038926131,1.207134986335973,0.528857580405011,26.306678648553422,0.0,10851.133725763177,69.86887192078353,48.123465450719046,2.632128399971593,134301145,12131919.0,0.082849588,0.080830922
20100,"Dover, DE",0,72,174822,2.248954946459871,1.9044076202430724,0.5263373202219438,29.909439595214597,42.60790975964123,14085.647487158369,61.592878284540376,48.21702443137765,2.685558392607453,121971835,16761255.0,0.120816562220304,0.116329365945955
20220,"Dubuque, IA",0,80,96802,4.402995673832248,4.17141460693249,0.5657128845932636,70.20141776868316,0.0,17469.875973636907,90.74879874615908,49.30605679404426,2.5381313792200992,94011663,11135142.0,0.105900906832119,0.102500739320978
20260,"Duluth, MN-WI",0,300,294902,3.1516384914951043,3.118200164465618,0.5191970278889363,57.36533620299756,38.03365185722715,14780.22247051563,90.8819067078945,50.43632031443573,2.3324651265892933,204764778,29050210.0,0.124244430386986,0.123592345738821
20500,"Durham-Chapel Hill, NC",0,289,558491,3.792130001401521,3.341660863802153,0.4887842103320113,63.53222436099977,44.06534751679078,40115.85375771498,54.675192600204106,47.824424050041685,2.5299744044805537,401435892,57394086.0,0.125087916552828,0.12265878680628
20700,"East Stroudsburg, PA",0,94,167586,1.4994230422187067,1.194872493567792,0.4803721637259547,28.221086574119404,14.910553387514469,8106.049389567148,66.0653923062274,49.462007236716815,2.94287015307016,112347169,22692045.0,0.168040410839477,0.165336150116965
20740,"Eau Claire, WI",0,115,166626,2.7949356875030205,2.7972363333144434,0.5639906983136198,56.98115122539208,0.0,15500.705592164488,91.3515644600552,50.42531331015615,2.514283139587276,128470078,18768738.0,0.127471399933018,0.126452778177585
20940,"El Centro, CA",0,96,180216,7.0039604920608864,3.738986267369517,0.6054856731136659,61.62909208832704,13.466617836374128,8429.905452346073,10.640782286761002,51.32899098510799,4.0308951794597245,191921590,28853803.0,0.130693020666483,0.130201383935336
21340,"El Paso, TX",0,516,841752,8.003969963538246,4.848045108464779,0.458031332348508,74.91461252061269,76.8448426614965,59077.57247384028,12.002113085783432,49.24382225807488,3.121108255845044,629335348,85826280.0,0.120009627,0.118404282194125
21060,"Elizabethtown-Fort Knox, KY",0,100,150577,1.363617928146042,1.1728418969956935,0.4821886893225253,23.118854255762656,0.0,12582.11348346693,79.97124170879911,49.8837078316646,2.598722275795564,119039604,11866622.0,0.090649791,0.090085881
21140,"Elkhart-Goshen, IN",0,125,203604,3.080184269169457,2.4511998389182894,0.5222087382499601,84.12641355017087,0.0,26504.74536354885,74.78221335758074,49.48376499574693,2.8522546641010624,184084339,28299351.0,0.13324634768329,0.128962458837485
21300,"Elmira, NY",0,87,85740,4.202741216005337,2.954283676408811,0.4698089219653329,69.54726427076163,2.576393748542104,10112.682062048052,86.22769303256965,49.53884209906355,2.4977198505398808,67060214,15900743.0,0.191665375798401,0.187894138205546
21420,"Enid, OK",0,46,62190,3.1292527970799955,2.1622673984211542,0.5311574512988952,77.14404748695728,0.0,6328.994018330922,74.33681217486833,49.98545995024072,2.629370035257636,51305746,6284708.0,0.109127599515017,0.108599846037364
21500,"Erie, PA",0,233,275972,5.660931308229466,4.654183735084837,0.5369858416748352,60.457068405924616,67.7989071355065,18481.407331178525,84.2280935599905,49.38667445724615,2.482233180441995,239473016,52589878.0,0.180063537958369,0.178688927832628
21660,"Eugene, OR",0,258,368882,6.785442977695228,5.580538926771613,0.5289841386114488,83.76325696409869,71.60690952662368,23312.143509306497,81.81630685166337,49.24331708362351,2.45115289668575,278198698,56164410.0,0.167974302954499,0.1673089999104
21780,"Evansville, IN-KY",0,258,314967,3.4728051841269187,2.9973255079331134,0.4966261663885489,59.00331097122667,0.0,25584.019484580924,86.7760985521971,48.633794767589535,2.4430844173473267,304235562,34750557.0,0.102513215297763,0.102148038791252
RFL1,FL-NonMSA areas (Central),1,110,157689,1.3073355676312255,0.9258459485017098,0.5367648780002092,30.704974086161265,0.0,2519.7959274267705,50.244627601520456,54.47417610678309,3.1219598167077898,101527007,14448782.0,0.124584468,0.122814652
RFL3,FL-NonMSA areas (N),1,239,332757,0.5373938346483071,0.4551938569772734,0.4782789150774231,19.26709603197997,0.347100136135378,2294.415348136929,72.21203578723556,52.19847820633802,2.751676308177754,212275166,29888421.0,0.123422440880841,0.121314145051112
RFL4,FL-NonMSA areas (NW),1,98,127013,0.3714002382974471,0.3672040543866334,0.5027040039142084,12.48980421683173,0.0,1144.465220095581,74.11869665795562,55.18518226103159,2.848061701744918,69816587,9076427.0,0.115047284161307,0.112230482113287
22020,"Fargo, ND-MN",0,140,237003,5.244381107742061,5.27151131820715,0.603929285154698,64.05275308272707,77.32897895807226,30406.520934334163,85.89807046805396,50.32505479970551,2.399243565818755,194847931,28042884.0,0.125814444170793,0.125536566385379
22140,"Farmington, NM",0,97,127455,1.7411914189175888,1.4741837446566848,0.5009929703957914,32.464634518247905,41.31105095916205,6987.338409634773,38.193099632454654,49.54116112713907,2.9159656118192085,97448279,14967097.0,0.133141012667164,0.133008057382877
22180,"Fayetteville, NC",0,220,385345,3.0047054319181066,2.02237959064612,0.4368945277288221,40.01178608289692,0.0,19830.91686670386,42.960772249481664,49.73088118960338,2.700752656640554,308753985,39781933.0,0.114140124289859,0.11289041089665
22220,"Fayetteville-Springdale-Rogers, AR-MO",0,279,526412,2.645967551149205,2.193988995374742,0.520090289659465,38.15758322182045,6.687727483416031,23196.568089253284,72.9268342640506,49.82952884416646,2.6971804813371367,526990856,51130082.0,0.088441844,0.088133797
22380,"Flagstaff, AZ",0,98,140217,5.137236979787425,2.878600222957619,0.4996981279494443,65.43465155708022,42.11258263976551,6105.914682242524,54.051700949927096,49.39974800741821,2.9775117499525785,132617948,22333012.0,0.144129549116701,0.139935986933548
22420,"Flint, MI",0,373,409361,3.4738472658566533,2.558022722240675,0.4667598349338128,46.23761524667996,37.196264421867255,29727.72415056637,72.44082133006435,48.224333435488816,2.4292444402091697,314190703,47983903.0,0.132488314213835,0.129105725
22500,"Florence, SC",0,162,205814,1.494438836640492,1.3132039771956907,0.5119645948910332,29.405065491305358,0.0,12748.282318015295,52.78926725773958,46.95234109643702,2.612136465324385,192518132,21502787.0,0.100470491858789,0.098976762
22520,"Florence-Muscle Shoals, AL",0,119,147080,1.6280835603287158,1.4847990032512637,0.4900125131718122,40.129672381686845,0.0,10322.2877277672,82.29584529651727,48.09166004873512,2.4411691604115924,135747879,11147933.0,0.075890067,0.075129771
22540,"Fond du Lac, WI",0,86,102315,3.1616724314002385,2.762273452339705,0.5806199527332052,44.99666541376029,0.0,19819.09285051068,89.60885795880971,49.29871243798552,2.469717394444177,68917229,10856297.0,0.136088970167872,0.132139648096182
22660,"Fort Collins, CO",0,192,338161,8.683330875121287,4.274451302557114,0.5080653102177463,70.617492987113,45.68208634348727,20795.064889209578,82.58891022257285,49.88601625356018,2.516300421103334,357095665,54303508.0,0.131997124845946,0.130129522759802
22900,"Fort Smith, AR-OK",0,192,281201,1.9281040670943423,1.5883836998435628,0.4992508800333235,42.05238830630262,0.0,13577.415094540916,72.09862974846223,49.24361406058887,2.589629180782402,242701343,24701315.0,0.092374979,0.091858351
23060,"Fort Wayne, IN",0,323,431612,4.314973827380099,3.1929614288572687,0.4953020829093449,56.42264523748629,45.31570021222765,35020.92057449747,76.8475027399405,48.94523802945321,2.559391850083974,433215280,52740794.0,0.108529961496067,0.107954508
23420,"Fresno, CA",0,589,978130,8.887879160281637,5.09825841530169,0.5403363802060548,76.02717496234015,62.91484771962828,48216.14541318639,29.4203983459977,49.88679774225233,3.197472605275636,1226083480,170026667.0,0.121785997591492,0.120824995762966
RGA4,GA-NonMSA areas (Central),1,315,420380,0.6616391767971881,0.5358432434665213,0.517374575707853,18.27533110533889,0.0,3681.123823683334,57.937200486374365,50.443697398850816,2.804463820056433,328837062,38435824.0,0.10465195081131,0.102969331219036
RGA11,GA-NonMSA areas (E),1,272,341538,1.2227638735442077,0.7645817948552704,0.5002076760629623,29.716028815392576,0.0,3319.0812706053207,56.18516703422364,49.33402177337488,2.702691622384459,292521125,33602803.0,0.103036913623829,0.10240022383047
RGA10,GA-NonMSA areas (N),1,311,511190,0.5404054423327005,0.4736422937289399,0.509006196392408,13.550369255842885,0.0,7441.11542870557,82.46003638147248,48.96803296733005,2.6926828760997523,421106118,46461965.0,0.099369411,0.097443125
RGA3,GA-NonMSA areas (SE),1,209,289532,0.9378085123233108,0.690473412228863,0.5058452405773487,26.32848734085088,0.0,4214.513414752083,64.53832530510707,50.446893110886,2.7549265292174505,250628743,27528547.0,0.098967555,0.097726399
RGA1,GA-NonMSA areas (W),1,173,216595,0.6606671189530915,0.66701409991165,0.5320791086449539,18.904455316442636,0.0,3803.109314619451,51.92681129530845,49.5835863021444,2.717484666439969,163102162,20077342.0,0.109604740495421,0.108013418774915
23460,"Gadsden, AL",0,83,102939,1.2633789770525647,1.266100326206272,0.4697074549468523,31.1399806663953,0.0,11170.876247097796,77.86136956437109,48.23840853349943,2.6384880078064814,86061975,7577659.0,0.080923629,0.078120276
23540,"Gainesville, FL",0,168,280763,5.005542471140575,4.457918138478674,0.5204075738197675,55.92724001872869,58.41296752064908,16277.718460053497,62.63991023161935,48.56631709692444,2.7129878708392767,207671463,33296332.0,0.138177518701202,0.13697568397313
23580,"Gainesville, GA",0,90,195961,2.012867525460149,2.0292580808308767,0.5195058193185301,24.390571099778796,0.0,32663.984267277672,60.81986439620067,49.74706418277822,3.087192317255097,169454914,19862914.0,0.104918349263969,0.099369382
23900,"Gettysburg, PA",0,56,102023,1.7171409494923529,1.4591117190734526,0.5632602624091743,32.11712723706791,17.731295884261392,12401.783499799065,89.00653849907289,49.244656972772525,2.6043970008895667,57037257,11717602.0,0.170425802196758,0.15414501576123
24020,"Glens Falls, NY",0,93,126308,1.8688130424511211,1.836893986187206,0.5791679691091148,28.32780199386737,0.0,6864.249857491212,93.05754138467891,50.47501032631144,2.4196505794845184,87518685,22135225.0,0.201864438760095,0.192217132
24140,"Goldsboro, NC",0,75,124002,1.1425595960208748,0.9553952823378368,0.4796652646715053,21.664890625391305,0.0,9036.829768874695,53.42346059561661,48.83214808702054,2.55679208985789,91332752,10513203.0,0.103226515,0.10121982
24220,"Grand Forks, ND-MN",0,86,101991,4.557447388901125,4.001834069078011,0.5840934053533312,86.070665833782,61.7907462423155,8562.44916708337,84.70293380510098,51.53275345225809,2.3614399108759225,85103074,12443728.0,0.127566744832906,0.127119660711932
24260,"Grand Island, NE",0,70,84729,3.284190853727421,2.4236804629154265,0.5794965885210233,75.87487014011555,0.0,10329.786861641232,74.27947340456934,50.33591121081528,2.5741596255546777,80014181,10014198.0,0.11123379218013,0.110705770760419
24300,"Grand Junction, CO",0,88,149998,4.289882660914341,3.0952145030373543,0.4528823051748233,68.61419965449902,0.8860118134908465,8283.228076374351,81.38118477958973,49.3334126889656,2.4491917981276927,162031430,28983139.0,0.151732609463941,0.151724997890797
24420,"Grants Pass, OR",0,54,85481,4.036149475145932,3.2549615156008405,0.4773238697725323,41.66795070708828,41.66539932850575,5105.10611714884,86.90102143743262,49.034793799492185,2.371683119311464,72842798,12658637.0,0.148051749072983,0.14701076
24500,"Great Falls, MT",0,72,81746,4.439642756676898,3.8266073516753383,0.5527590634803895,71.60622383940749,0.0,9967.757994274947,85.22021439509953,50.51761102603369,2.377727285968132,95214791,15202066.0,0.13767885097472,0.137585048133115
24540,"Greeley, CO",0,175,295123,4.992769721708197,2.882545282796513,0.516307327644883,67.27892774097882,2.011364753001291,24390.011330868823,65.60317018454535,50.53103866118652,2.9171881418922148,267035299,42219864.0,0.136521128994053,0.129993590079573
24580,"Green Bay, WI",0,246,345141,3.3171684030355224,2.889536952357477,0.557333801185511,39.0781383429552,0.0,33591.05326808464,84.19882781306126,49.76230493581224,2.4284194092649765,272248655,37227101.0,0.120290847597122,0.119459738777692
24660,"Greensboro-High Point, NC",0,447,757810,3.0563313658287057,2.6578211502639304,0.5241979037643131,42.37546384270832,4.887504783520935,43063.87555719772,58.364334707235486,47.80720229167405,2.557979430443481,621855680,82600533.0,0.117254318,0.114723739007237
24780,"Greenville, NC",0,96,177372,3.542886858980278,2.6487994480034738,0.5225914011592779,59.04220712576397,0.0,13954.613890580247,54.41145976360875,47.06416414004136,2.5563833292740585,149220320,16820522.0,0.101303521455281,0.099824073
24860,"Greenville-Anderson-Mauldin, SC",0,562,960549,2.0683170832232958,1.91603053771516,0.5130502726525942,37.94132765872902,17.66364860095633,29411.360991474667,73.63657842563201,48.69271780332214,2.594204366179167,902136136,101896417.0,0.101487164629811,0.100484780747712
25060,"Gulfport-Biloxi-Pascagoula, MS",0,270,391293,2.341875888532057,1.751557157221198,0.4521196449333841,39.85328068878336,0.0,15354.340542764628,67.7038079011982,49.160443734622525,2.6157754561213578,394375735,40782218.0,0.093718195,0.093490368
25180,"Hagerstown-Martinsburg, MD-WV",0,173,280930,2.8819552677756266,2.219084635885321,0.4965988104017739,31.802589302756523,0.9881465133663192,16869.82899654718,81.9719085845868,50.134029320458986,2.635371971593712,226365184,35620598.0,0.135963859290654,0.133375507018394
25220,"Hammond, LA",0,66,130504,1.1128831415722826,0.934535183294383,0.493535135770077,21.276234179557505,0.0,14166.988214920617,63.22724278152616,48.417728708057886,2.774481584973843,120925598,11851522.0,0.089258767,0.087158042
25260,"Hanford-Corcoran, CA",0,81,150075,6.022396339087823,2.93298486571847,0.4975873869100268,67.80968676583979,71.24704314509412,11094.04078627353,32.209621012535585,55.07628192791872,3.467987664549388,161558506,26450780.0,0.140688689,0.139453241
25420,"Harrisburg-Carlisle, PA",0,376,567872,4.967337879198798,4.518460643316837,0.5520958045917633,84.40929327242632,41.59669784740223,45448.37280056069,76.84150798668331,49.09205219495878,2.48000191099124,475653110,102064922.0,0.176669095210101,0.173305562273552
25500,"Harrisonburg, VA",0,74,132835,3.768254872763981,3.0734193386597903,0.5524192198863397,66.08869391253624,40.19347310573267,14458.449693228442,79.68882200109316,48.62343418914771,2.7989395812813043,106202855,13867554.0,0.115495184163152,0.112874672197839
25620,"Hattiesburg, MS",0,91,148768,1.6675540052048676,1.4855844166276913,0.5388909032462561,30.23701184971453,0.0,10071.738014895676,65.71156643141039,47.68798718490071,2.721367989056088,145883168,14542002.0,0.090646636,0.089475655
25860,"Hickory-Lenoir-Morganton, NC",0,239,365339,1.069028261609844,1.008370387932779,0.5072264547431918,22.684773036902136,0.0,11895.152800549626,80.7839575867655,49.4371083075614,2.537423533645196,294780555,30971346.0,0.095076486,0.093997438
25940,"Hilton Head Island-Bluffton-Beaufort, SC",0,128,210558,1.6306864751155423,1.3681887561869812,0.543743520350293,27.50893833809748,0.0,7918.618005490173,64.56936373118761,49.30151989271346,2.627064321190028,211935233,24852804.0,0.104958022013587,0.104972091530591
25980,"Hinesville, GA",0,39,80264,1.7458499523926,1.058338984951798,0.3417888233331193,23.38826730088553,0.0,4834.367325326422,43.3128021888782,50.717757149460894,2.7430089102124744,71839417,9554898.0,0.117390237880864,0.116761245655378
24340,"Holland, MI",0,712,1165690,4.112546164598195,3.2883122372908185,0.5080897137375932,46.15696996821893,32.18111161629593,55511.127297995175,79.68470558191994,49.54157179034283,2.6945554966844885,908545484,135906082.0,0.130121957230135,0.128454221911996
26140,"Homosassa Springs, FL",0,88,143087,1.2493167567392296,0.9382608028938522,0.4139175883565623,32.79727704353846,15.057971723496893,3799.3816419381214,88.00157058325124,48.54617721414351,2.2796281465429247,110958159,15409209.0,0.121939779579804,0.121288034644772
26300,"Hot Springs, AR",0,70,98296,1.6680879984715524,1.700395009546839,0.5380001626982349,45.52827841192333,0.0,9762.425653129323,82.06077824564963,47.98843285475115,2.4510681688179266,102658173,10466429.0,0.092521245,0.091662636
26380,"Houma-Thibodaux, LA",0,210,285249,2.446615929203306,1.916452986932648,0.5076357060479009,36.027528617680126,0.0,9776.881040774902,68.1923641082057,49.23979577444924,2.693972928045595,253595757,23339246.0,0.084276981,0.083531268
26420,"Houston-The Woodlands-Sugar Land, TX",0,3021,6779104,8.732014342164257,6.064914475955029,0.4906416211324236,82.29821943961488,34.35545464415357,215310.784572563,36.1467477845447,49.63636696417184,2.9265872400123283,5293463065,631650299.0,0.106605605698247,0.10650571
26580,"Huntington-Ashland, WV-KY-OH",0,301,358234,2.519042492581039,2.406437790942904,0.5184400871106378,54.822792144776514,0.0,9275.505273089657,93.95285255806236,49.12509176621485,2.54862505018065,287251883,37041306.0,0.114221658845878,0.112531754
26620,"Huntsville, AL",0,234,450612,2.192692559050225,2.0092772108299,0.477770849009305,31.77799279322312,18.293565195778186,26384.28125305141,67.13829012063378,49.0644481546073,2.5342313067009736,430555753,42700385.0,0.090226796,0.08969796
RIA1,IA-NonMSA areas (E),1,748,748220,1.528550967434027,1.3167539257942305,0.5725474004815347,33.713165160303255,17.529068990403893,6600.720147817487,89.47792781008727,49.81707685187048,2.439686576397003,532811981,74529502.0,0.122714328,0.120297664512482
RIA2,IA-NonMSA areas (NW),1,394,376230,1.2087209737601654,1.0660320199358055,0.624211179002612,31.69524540427928,6.1991335087579404,4406.914637322914,88.97037614708302,50.009080517482666,2.3726807259454525,267983167,37982435.0,0.124139559322097,0.12265894509219
RIA3,IA-NonMSA areas (SW),1,175,150205,0.7319435130922747,0.6410677303328373,0.566805756968944,23.18963285121354,0.0,2195.128391198695,93.7793277952192,49.67099317888198,2.331580097390436,96645617,15072545.0,0.134915798202981,0.132387890608797
RID2,ID-NonMSA areas (N),1,223,267185,1.9870723284575484,1.5754835090354675,0.5648761650391894,26.447288450823866,0.9588861650167486,2467.7372681849656,88.04787068697544,50.85113311721954,2.6661010093037483,204958988,33468596.0,0.14037216432139,0.136261003041229
RID1,ID-NonMSA areas (S),1,204,291600,2.112494098285632,1.5861019513287082,0.6074249008929202,40.39809596854401,3.898491083676269,5584.579691358024,73.53923885583897,50.353475674354165,2.8177886639366223,279143681,40018174.0,0.125385203065698,0.124871264275728
RIL1,IL-NonMSA areas (Central),1,404,363887,2.1602565018713538,1.893127095081148,0.5196514920290284,49.47163585642701,0.0,6243.352496791586,88.92633072472121,50.03380849978939,2.50679745191072,298456144,54795172.0,0.155116681858306,0.152539987976281
RIL2,IL-NonMSA areas (N),1,423,409932,2.0654701307114083,1.6305584446396546,0.5450916800747618,44.29738251309583,0.0,7438.39239678776,86.58732750978028,50.1315088274226,2.4006001544601854,300802224,52662968.0,0.148990534830372,0.145383160981866
RIL3,IL-NonMSA areas (S),1,706,672151,1.1815916313648938,1.0548232442144212,0.5296510807251874,36.3993427178568,0.0,4519.3963142210605,92.06015109682272,50.5456773515061,2.463915280638422,498043108,81901355.0,0.141222755,0.139229018
RIN3,IN-NonMSA areas (E),1,330,384734,1.3879280042258253,1.2604295456731591,0.514982233975055,32.522244063959576,0.0,7332.549675879959,93.35472796088534,49.67999228959851,2.561225715200683,285136464,39409738.0,0.121430285602295,0.11871574850099
RIN4,IN-NonMSA areas (N),1,528,605287,1.4560548440515562,1.2356608079010971,0.5367320675949666,37.296892357151,0.0,9215.63038525526,89.8603741555689,49.88724373387867,2.5694262587787167,462990604,65127588.0,0.123320099528024,0.12074523906243
RIN1,IN-NonMSA areas (S),1,322,360628,1.338780136224353,1.273532810509144,0.5530173743666421,36.82046734453793,0.0,5645.886633872024,93.22444494393248,50.18605928922855,2.5449069235332336,284246929,38604643.0,0.119573966330262,0.117642939156458
RIN2,IN-NonMSA areas (W),1,113,112306,1.6809587206951082,1.4105879544533897,0.5145505692289629,34.65957709749595,0.0,7334.71054974801,90.27127740187032,49.91218920774161,2.5608519964386,85026138,12944389.0,0.13212533806213,0.128760186704735
26820,"Idaho Falls, ID",0,85,142968,3.512285131533741,2.644426526826661,0.5513051851137324,47.02646082307689,0.0,14846.965104079234,83.96297085363591,50.31166885441938,2.937992165731131,164024616,21462268.0,0.11570773920597,0.115437338294391
26900,"Indianapolis-Carmel-Anderson, IN",0,1178,2007497,4.485738109512595,3.9187659789657583,0.5125252484143746,62.61032909325759,28.951076888284263,78429.16265976985,72.26140592232856,48.84975008278016,2.613254838032621,1889475478,262587163.0,0.12201650546658,0.12165086943579
26980,"Iowa City, IA",0,91,169144,5.855679862598774,6.751622651272859,0.5420964436870318,46.93306514022244,34.30922764035378,24622.8463912406,80.00902289119213,49.55324970558424,2.51121148809699,138712521,17993621.0,0.114823967780408,0.112813010889073
27060,"Ithaca, NY",0,64,102962,6.554164474827258,4.864101986623287,0.4871390909963367,53.54918810913916,0.0,9564.848769448923,77.12339977786871,49.372576528126885,2.5907920642132365,70073801,18820489.0,0.211717636757097,0.207736748726897
27100,"Jackson, MI",0,131,158913,2.6936554135123947,2.205189816180828,0.4539660068534873,34.861836832734134,0.0,19781.42395524595,84.64346050076905,51.042638493154136,2.566717903082275,117933951,19550200.0,0.142199663436115,0.13923786977698
27140,"Jackson, MS",0,391,580280,2.513969535141223,1.903173182314994,0.4883880048339039,33.440211639003145,23.448162955814432,30865.588660646583,46.24407317367541,47.96634424731461,2.741012396205996,547785665,54063057.0,0.089828316,0.089612629
27180,"Jackson, TN",0,91,129331,1.75024705452426,1.7153806061478205,0.5230256673272227,31.58523242854921,0.0,15405.78209400685,61.73170089928336,47.464671010881176,2.610647540155571,105889091,9919507.0,0.085654322,0.084237116
27260,"Jacksonville, FL",0,705,1475386,4.524127934049584,3.6695094858330055,0.5095225131319185,56.11889035830571,36.70747858526514,40763.69937358766,62.93045769612936,48.774120861361,2.666166618789742,1244175380,181876673.0,0.127538593431694,0.127321753552166
27340,"Jacksonville, NC",0,96,193912,2.1391904986815717,1.2697015134731393,0.4246546876249972,26.702133357845845,0.0,5894.541745740336,66.13711045835063,55.3573350968119,3.029680365296804,160035522,18598367.0,0.104114438,0.102444749733793
27500,"Janesville-Beloit, WI",0,118,161769,3.9842285628116856,2.7364949373309244,0.5136664046792545,67.61089031409193,61.465422917864366,24777.93452391991,82.834624303123,49.25933691844689,2.504703501753194,128857987,19480033.0,0.131321916,0.127898264963948
27620,"Jefferson City, MO",0,111,151157,1.253830337894721,1.41663074686469,0.5516177231923528,27.33152370990865,0.0,11844.614678777694,86.73325709148361,50.97472780998592,2.66875430023111,141650758,15350614.0,0.097773757,0.096770111
27740,"Johnson City, TN",0,130,201226,1.7036594662724978,1.557175471524218,0.4175836880783022,36.17640592069334,0.0,17830.95193961019,90.74481932600509,48.932189716355936,2.368659218532022,162578669,15891658.0,0.089043699,0.087554419
27780,"Johnstown, PA",0,135,134550,2.66189656466507,2.4217907626342843,0.5362431109515461,82.52326615289134,0.0,9565.680958751394,92.70726041094964,49.215466622559376,2.3469139287856864,100388491,21098262.0,0.173667181639137,0.167499413644902
27860,"Jonesboro, AR",0,83,129755,2.00259039348166,1.7742633720392302,0.5306713544762595,44.71671422452113,0.0,14583.28509113329,77.99391958305712,48.78810737498191,2.5783579890375434,131738475,12323732.0,0.085544518,0.085205142
27900,"Joplin, MO",0,139,177440,2.0928404084782533,1.7364521956579593,0.548387530764452,50.56153273970965,0.0,11021.290092425608,84.8034811903425,49.05951712521056,2.6206206500787217,191233804,17824002.0,0.085258725,0.084294125
RKS2,KS-NonMSA areas (N),1,362,356786,2.247198844426008,1.8844378047537684,0.5805549115991288,51.06225094868909,12.075305645400883,5614.504574170511,87.49100412328656,49.92732742733448,2.4388210920454,293799217,40868790.0,0.122117409328583,0.12132611273825
RKS3,KS-NonMSA areas (NW),1,70,55145,0.6713663929507515,0.5329574487820451,0.65454257848392,25.12276998369236,0.0,1047.523873424608,87.838849236049,50.74569650061152,2.306665543812371,33698597,5056862.0,0.130481282649755,0.129631330653404
RKS1,KS-NonMSA areas (SE),1,343,346007,1.7524472151654529,1.511121234258611,0.5409334013696696,48.74567166265816,0.0,4888.240263925296,82.47191731338414,50.05243655177235,2.49098007343657,269035102,37339748.0,0.121876022134323,0.11861307705642
RKS4,KS-NonMSA areas (SW),1,156,175266,2.3765817936734,1.6590310104322958,0.6156367516436618,55.33242755553299,0.0,4313.410787032282,55.996193442339305,51.26164316405687,2.827820726098444,151171136,21689271.0,0.125472752126518,0.125005701004829
RKY2,KY-NonMSA areas (Central),1,506,666030,0.560327461754345,0.5634924596058658,0.4719799390350227,12.095899338420027,1.1982943711244238,6496.729264447547,92.06515680904236,49.35709191592902,2.598989120191896,500562638,45058010.0,0.082581204,0.081272035
RKY1,KY-NonMSA areas (E),1,701,825975,0.8928728751095439,0.9060573028665372,0.4402297177085501,19.09433878112426,0.1923787039559308,5784.507014134811,94.02012126219608,49.42224274310154,2.5588799517456446,559546310,52590700.0,0.085913283,0.084695194
RKY3,KY-NonMSA areas (W),1,297,340190,0.9613305683715894,0.8680725174003218,0.5086820476950229,21.22341219201692,0.0,6383.641091742849,88.52702117058818,49.08740348529026,2.498559926928261,272452877,24790247.0,0.083400573,0.082857668
28020,"Kalamazoo-Portage, MI",0,256,336845,3.6348776928989937,2.898567949365213,0.5073189687632698,40.83707702603641,0.0,23771.676055752647,78.23651372510744,49.106928953602896,2.5448831817908117,254301328,39069424.0,0.13317422999277,0.13053314544988
28100,"Kankakee, IL",0,84,111061,3.820867039170436,2.824809301291509,0.555373257255402,55.07807919079242,0.0,20810.669181800997,71.9686904019451,49.22584668781692,2.7801035279927637,99077319,16929931.0,0.145938559874491,0.143829484606588
28140,"Kansas City, MO-KS",0,1533,2106632,4.820711802891755,4.035757392033577,0.5082865487829037,74.70259347116017,39.66535208807234,79035.27220416286,72.52487387727476,49.0900524260091,2.5581192052980133,1952886636,225930858.0,0.103694255540983,0.1035168725064
28420,"Kennewick-Richland, WA",0,186,284828,5.732818698362458,3.5393633353426064,0.4770091250789977,70.29313067859768,74.63767607117278,14783.632585279536,60.86824372165636,50.58733727769776,2.929130751487192,246717321,42186026.0,0.146021244,0.145516086747984
28660,"Killeen-Temple, TX",0,253,438265,4.101971737076032,2.4009653917306317,0.4333260148080808,54.89140044209013,0.0,17001.988614194608,49.21365545651607,49.87879905377814,2.910102213090081,385634420,46449630.0,0.10750137617901,0.107163601375745
28700,"Kingsport-Bristol-Bristol, TN-VA",0,215,306394,1.2378566921688348,1.1944758479776247,0.4528401260355019,25.98673971783366,8.405190702167797,12964.11422547439,93.98752552634842,48.8089878843632,2.393506878835673,235010648,24035963.0,0.092786248,0.09137035
28740,"Kingston, NY",0,152,179303,2.179588018537278,1.7911409141755317,0.532184486768344,24.138888496959304,3.90958321946649,10980.01060216505,79.0501777068816,49.52732768029552,2.577394691286786,126603024,33592565.0,0.209697190850867,0.202159350825614
28940,"Knoxville, TN",0,522,868499,2.6527004905158837,2.241112326153678,0.4574981596483889,34.80451217593193,17.885685533316675,39020.98727114251,86.6008776433701,48.89541530604561,2.502907175984099,713363407,68376865.0,0.087467497,0.086778697
29020,"Kokomo, IN",0,66,82387,3.089387419859317,2.919807372322198,0.4927710025140302,56.08962899782881,0.0,16710.623253668662,85.07973910191787,48.42282979679587,2.3725829226823434,89963774,11709445.0,0.115167446404938,0.112733342180363
RLA3,LA-NonMSA areas (Central),1,172,215095,1.039660190756317,0.8108463079489585,0.4954485150984652,25.956019451829214,0.0,7187.197182640229,63.72681116514134,50.32332660416152,2.7686360057311767,158407073,15170386.0,0.087398364,0.083477291
RLA2,LA-NonMSA areas (N),1,103,116215,0.8738004736783027,0.8806893366118909,0.5248685996532226,34.49183687530349,0.0,5386.93867400938,55.91508584879534,50.3669343672113,2.610341789594958,96357583,8955927.0,0.085040628,0.084157567
RLA1,LA-NonMSA areas (NE),1,144,156190,0.656097342289188,0.4834792459086231,0.5285690302029635,18.79933565641066,0.0,3137.4748575452973,59.8878932464409,50.48747688687174,2.793764901379958,119751664,10992981.0,0.08407978,0.081538308
RLA4,LA-NonMSA areas (W),1,125,150827,0.8942607830472531,0.720006760241443,0.4147224250873387,16.281052237871027,0.0,2993.945918171149,67.51132493358939,50.52760473472557,2.715625170352334,126271101,11724129.0,0.084960393,0.084017342
29100,"La Crosse-Onalaska, WI-MN",0,99,136513,5.674649214385342,4.666712434255796,0.5868416343889137,82.63641002815838,51.33796781258928,17669.32637917268,90.68931171361191,48.95636507448258,2.448261641354826,113223269,17861566.0,0.136259590974044,0.134772666882815
29180,"Lafayette, LA",0,307,488969,2.6443420959818487,2.2175200467672527,0.5464377281906113,43.3073368096862,0.0,27048.88307234201,67.547365455978,48.77529525590206,2.6948261256999526,504364762,48094973.0,0.087056069,0.085837076
29200,"Lafayette-West Lafayette, IN",0,132,217955,6.778258012814584,4.249970286312863,0.4854799827090887,60.46276819016407,61.03828771994218,19939.733940492304,78.13294356888663,50.93643329217809,2.6879453391898487,199152539,30606039.0,0.13320955964482,0.131920416980611
29340,"Lake Charles, LA",0,147,207050,2.562590571004015,2.4388904140900443,0.5124005978522926,44.028237017836965,0.0,19487.24552523545,68.11588643436315,48.790931627579134,2.5902203343517898,228738354,23633556.0,0.093645747,0.092927561
29420,"Lake Havasu City-Kingman, AZ",0,118,206064,2.513398999670681,1.7985051839818964,0.4266107125207943,43.18983059523387,11.57164764345058,2897.173902282786,77.29073882375599,50.52793760080888,2.39034860569232,204629974,29799157.0,0.127113711819373,0.123897263315474
29460,"Lakeland-Winter Haven, FL",0,331,668671,3.024079155230708,2.429096784347222,0.4825713975763643,43.700861657919965,22.805834259299417,19916.92151147575,58.87910255924502,49.0046894718588,2.916564307663537,542423290,83598106.0,0.133538736110547,0.13166838971367
29540,"Lancaster, PA",0,326,538347,5.576873710401329,3.9807080328116577,0.580828658214496,51.59419527011613,1.3229385507860172,41208.327729141245,81.98407021085067,48.975136737775856,2.683260589227259,433353945,91017341.0,0.173574227708571,0.171527049844084
29620,"Lansing-East Lansing, MI",0,371,476615,6.382482717255531,3.951323695759732,0.4871142612870895,53.89863615047202,51.08693599655907,39305.76313796251,75.96523643903417,48.88448097117249,2.5578033445960395,330106788,54667004.0,0.142075695217828,0.140352945019
29700,"Laredo, TX",0,141,272053,9.63156499539132,4.917022250181079,0.4647349888613217,106.63946021756426,0.0,22519.72015011781,3.530560166126804,48.97084737831138,3.657302544491837,260703878,22208839.0,0.078500674,0.078472713
29740,"Las Cruces, NM",0,129,215338,3.683787436464834,2.639376769982864,0.5138233170866342,51.03951939550339,5.200661285978322,15096.8641716743,27.23574413728948,49.08432028657512,2.775738033452378,185639790,31072262.0,0.143380405996063,0.13619933
29820,"Las Vegas-Henderson-Paradise, NV",0,1294,2141574,13.042226209192792,7.7857201513798335,0.389201060190916,132.37582413746688,70.5525001704354,110466.05542232022,42.77462369454868,49.91869859083668,2.7848591747030085,2142000491,321998768.0,0.130681357481691,0.130405323693212
29940,"Lawrence, KS",0,65,119319,5.91716633271735,4.42034119816678,0.5479142703513151,81.05485911124772,11.796947678073066,35980.7896562995,78.39886939895253,49.60428963338598,2.562851542525993,105708859,14007904.0,0.11700870996654,0.115786427175505
30020,"Lawton, OK",0,90,128490,3.208452624356696,2.3914272469196107,0.5270362784880802,55.27252137767158,0.0,10869.609027939918,57.09998432847516,51.76853157812256,2.833670093478695,104624951,12372631.0,0.10575116843013,0.105165870352394
30140,"Lebanon, PA",0,85,138674,5.175169387851671,3.424797962842206,0.5693419698887761,111.13699888270726,0.0,27159.981200513437,82.21056473602474,49.00843776166723,2.607906082606992,103202385,19982964.0,0.162218674235359,0.156235767155417
30300,"Lewiston, ID-WA",0,57,62492,3.686443307603939,2.9754498868951997,0.5407383600427087,57.20038399502723,0.0,4167.275955322281,88.18289217407963,49.01497493534277,2.457837943888562,64309979,9260573.0,0.125873365745577,0.125545619372591
30340,"Lewiston-Auburn, ME",0,72,107444,3.5029412380714264,3.603315948346833,0.545325671564759,48.99950801553267,0.0,15625.592438851869,90.60983996579988,48.85875727216966,2.358141573526189,94766562,14087847.0,0.129419167578228,0.125153666366101
30460,"Lexington-Fayette, KY",0,334,506786,5.911222644960196,5.028337709412324,0.4911862359217953,53.47151131448697,51.82522800550922,44816.23879507327,77.24945020728605,48.84568008820183,2.526379585011329,479970064,45161945.0,0.086001128,0.085872892
30620,"Lima, OH",0,92,103642,3.014286450810744,2.376467006615965,0.5400271820341891,47.83239721148773,0.0,11663.169371490323,80.70947419433003,50.44342137145627,2.538130381303813,88683267,12681244.0,0.125105363552733,0.122355676218015
30700,"Lincoln, NE",0,213,327221,7.091203018088916,6.037941001954902,0.5702892737178916,97.08899407225653,79.18073717762613,36329.01477900257,81.91681626499641,50.2459668996667,2.5230591793712382,324630705,40610600.0,0.111188410084122,0.110811527239573
30780,"Little Rock-North Little Rock-Conway, AR",0,472,734502,2.796295540663314,2.429063267037874,0.4915710098226965,47.84701096088196,26.232740006153836,39525.74753778751,67.07868903617972,48.38585374788844,2.59396326290708,627879115,66881117.0,0.096265033,0.095781705
30860,"Logan, UT-ID",0,87,135615,4.2405546966452645,3.009678196471138,0.5902431528561028,70.05515046041006,0.0,11572.863849869114,84.36521372675817,50.20526197240407,3.216382332320636,142059477,20554168.0,0.126398790212223,0.126368855352901
30980,"Longview, TX",0,163,217858,2.0679171303335258,1.5928629863162007,0.5228748122482829,43.44165314920029,0.0,16387.14671024245,63.34365949334604,49.88543461524361,2.8093104691281736,174354625,19082337.0,0.098648866,0.096121982
31020,"Longview, WA",0,89,105112,4.803798363509996,3.203158719281661,0.3664471474088328,55.56683233411074,47.15065834538397,7128.304655985996,83.63239618648036,49.4895952349735,2.5452421815408086,78311356,16314294.0,0.172408791907902,0.167985389
31080,"Los Angeles-Long Beach-Anaheim, CA",0,8248,13262234,22.67695953635814,13.717777184580973,0.5164518255867062,132.97585166436403,84.43173299460709,292821.8136694768,29.64331640151932,49.30871193681567,3.0428894558397275,12406933358,2176228887.0,0.149228874,0.148496179388171
31140,"Louisville/Jefferson County, KY-IN",0,911,1285270,4.960674474961254,4.156880298915998,0.488054530727164,69.12204716306212,43.222591362126245,67400.71197491577,76.17381660533347,48.83834016464959,2.5587900268300814,1092173964,115088658.0,0.095330259,0.09514592
31180,"Lubbock, TX",0,214,313123,6.176419825499953,4.825974797504176,0.5706534060548873,72.45025942145041,0.0,41958.340396585365,53.13611860689977,49.361716918293446,2.68875049913766,310796800,29687954.0,0.087193196,0.087146933
31340,"Lynchburg, VA",0,167,260668,1.8281356007346905,1.4799190279251433,0.5241177218245543,32.18124484230506,34.75071738763484,10781.85674114199,75.94132664760828,48.07568831883571,2.5928729982559062,209132730,28123323.0,0.118535745007947,0.116672417633357
RMA1,MA-NonMSA areas,1,33,28414,2.0307784802228825,2.246592054990685,0.684960185377748,62.70431169508539,84.49707890476526,1757.174597029633,85.40730337078651,50.05266853932584,2.7180759686963163,36330781,6321525.0,0.14821062664232,0.148011562520856
RMD1,MD-NonMSA areas (E),1,81,102347,1.3482890469299686,1.40321421017814,0.562213725758672,26.037743338324315,0.0,5740.135177386734,72.39482580065264,47.84766594368564,2.435086717579045,71367198,10746965.0,0.130878336,0.129912338
RMD2,MD-NonMSA areas (W),1,22,29376,0.1938620779441222,0.2536921131005114,0.5928994948845344,6.676099307954385,0.0,2799.3322440087145,96.43577903198222,49.52283222165213,2.352917505030181,20017182,2707654.0,0.119149550738232,0.114640578689421
RME2,ME-NonMSA areas (NW),1,218,223210,0.4015853247300438,0.4538763373926438,0.570852820202505,9.597007743472773,0.0,2075.876053940236,95.04034630012976,49.44970071442364,2.445929619541341,163507978,25231897.0,0.133686095744209,0.129243285805356
RME1,ME-NonMSA areas (SE),1,298,321088,0.7893818935813608,0.9240865317496963,0.5590665895580803,17.87761051701894,0.0,4404.916250373729,94.38358892650866,48.92794015136427,2.3093518458630675,242278985,35309580.0,0.12720113308702,0.125425365927982
RMI2,MI-NonMSA areas (Central),1,390,481273,2.0187520743511005,1.2418450852071614,0.4859028213882919,27.94332449674776,1.4794098152192208,6614.128743976911,89.4847356385818,50.6582814275122,2.629908400198821,292661206,46336623.0,0.136687078901617,0.132819936198261
RMI1,MI-NonMSA areas (E),1,131,126169,0.3741339951628892,0.3912262126348372,0.5011184955690611,9.93283801508656,0.0,2481.315283468998,94.01113207997898,49.91519552805714,2.3640042919262845,65020727,10193434.0,0.135525463084006,0.132429988009899
RMI3,MI-NonMSA areas (N),1,475,522460,0.6941151123411857,0.8052935968213877,0.5124674581199978,17.547873215504538,3.915706465566742,3167.12024652605,93.78004244660714,49.870748169251065,2.3352518049856448,362975552,55175255.0,0.131950612258414,0.131522808941876
RMI6,MI-NonMSA areas (S),1,221,248785,1.719852984884091,1.1892433871359716,0.4852767240187399,27.16138611505829,0.0,7347.031886970677,88.75152422460732,50.45495337784271,2.555083700078148,159573348,26471444.0,0.142285326643274,0.138617691278676
RMI5,MI-NonMSA areas (W),1,297,303802,1.9550102355102932,1.6035634797474931,0.5492566634760015,44.477357246164914,0.0,2178.2343368378088,87.80108857329319,51.864918853917175,2.415793011828353,196977933,32443716.0,0.141415233224132,0.137995813727664
RMN2,MN-NonMSA areas (E),1,51,60967,0.2310206642976536,0.2801471202217753,0.511238730186776,7.802600407826206,0.0,1633.6840257844408,91.88336113564256,51.980505674941945,2.457636655948553,29819071,4828802.0,0.139367920218364,0.134275350570208
RMN3,MN-NonMSA areas (N),1,360,394580,0.6341565066621542,0.686839796366526,0.5623527279922809,15.908785061289988,0.0,2853.433574940443,88.49487287717905,50.366620244110194,2.433171589700067,236895439,32924333.0,0.122023426066789,0.120594339939754
RMN1,MN-NonMSA areas (S),1,657,715663,1.62787079597379,1.4908850703405336,0.5918603628603563,34.598480155358985,1.615564867821866,6065.481957289953,87.42814355782113,50.21659958901258,2.438701742910484,451418717,69936815.0,0.134144188960097,0.131411395540355
RMO1,MO-NonMSA areas (N),1,332,319850,1.251725137236105,0.966070548995845,0.5730926174193879,39.9717672353731,0.0,2742.8836735969985,91.9512646533849,49.4935426293121,2.620988760719248,267294169,31396000.0,0.105112264,0.103932934635524
RMO3,MO-NonMSA areas (SE),1,448,506897,0.7677626663103262,0.6924600898637243,0.5487772361223352,21.773538004479235,0.0,3132.807467789314,90.88761169909372,50.05010615374865,2.553068416821305,400552271,41647747.0,0.094183051,0.092661444
RMO2,MO-NonMSA areas (SW),1,543,678688,1.0517343564529376,0.850023836863987,0.5313980158683791,24.92372898510192,0.0,3722.552006223773,88.82987805955122,50.433503889023,2.606061071044959,603875014,65768713.0,0.098214484,0.09699324
RMS5,MS-NonMSA areas (E),1,357,433147,0.8283871818093019,0.8338539547147535,0.4799535509746337,20.04156319853643,0.0,4973.175026030424,52.52791429932494,48.487573634494055,2.6428970625264854,367940666,34409598.0,0.0855215,0.084863914
RMS7,MS-NonMSA areas (NE),1,222,325533,0.8684761024299675,0.8228532010531109,0.5014215737936045,17.98430839586833,0.0,6655.949519710752,75.88888922966511,48.48322205285644,2.7324327268765662,308091304,23456999.0,0.070749869,0.07015131
RMS6,MS-NonMSA areas (NW),1,251,290052,1.101589068101221,0.8008532963873218,0.4992056470189532,25.653542506239724,0.0,3555.2498827796394,43.71856316667015,48.48998555911346,2.69112925936356,229412389,22752488.0,0.090228617,0.089059361
RMS1,MS-NonMSA areas (S),1,318,417774,0.5843960006889836,0.5375303002188561,0.4676442063623729,15.455619236212383,0.0,3925.2249852791215,62.31370260149831,49.49067702366112,2.73056213231195,340199088,33924766.0,0.090677902,0.088712935
RMS4,MS-NonMSA areas (W),1,145,143080,1.3484105222738207,1.0951485592516148,0.5158536823538207,34.633372941738244,0.0,4054.960287950797,29.486223282971423,47.503569373708096,2.646906198883186,123465467,12224986.0,0.090094666,0.089517137
RMT2,MT-NonMSA areas (Central),1,109,107791,1.2170968396276205,0.947408069022692,0.5755090628646774,35.754732174027346,2.0270709057342446,1054.482136727556,79.96588201481536,50.264692520929714,2.51307082945014,71648500,13723354.0,0.160747990783942,0.158757709924319
RMT1,MT-NonMSA areas (E),1,109,107039,1.053976713294612,0.9590913813047142,0.6211932463310545,38.39117216594138,0.0,954.1292706396732,70.51609558373003,50.338879200641,2.5961138438195923,74058329,14612659.0,0.164796393156237,0.164155675130025
RMT3,MT-NonMSA areas (W),1,352,460087,3.332747395469896,2.7301374654092827,0.5912052345689544,56.08532423879975,16.093043272250682,5504.055454729214,90.1259209816959,50.68073490274605,2.470774793060797,449882929,69623007.0,0.134017731416259,0.133712908801634
31420,"Macon-Bibb County, GA",0,167,229676,1.9267780719935053,1.6509530437040776,0.4987272379296446,45.13688826089997,0.0,12865.718664553546,48.95818809258227,47.82095301171221,2.664592307067142,207219295,24968275.0,0.107534933932941,0.106446360987074
31460,"Madera, CA",0,80,155013,4.68036959494632,2.223810270239152,0.5300958271060634,50.7770081207626,50.6125292717385,15075.825563017295,34.13239144840542,48.23428744217766,3.463224972705599,127976748,19106983.0,0.129905482204555,0.126502332195
31540,"Madison, WI",0,406,647281,8.218759290006757,7.832312286195664,0.5737487073219131,66.79183095661755,48.9875340076412,40244.237141210695,82.07671421469273,49.86072125129068,2.403948694187646,463737848,73999471.0,0.137612675158222,0.136325742937354
31700,"Manchester-Nashua, NH",0,270,411087,5.693921131131966,4.585593183736874,0.5199474074222963,60.01993060127671,2.399492078319188,34977.16438612751,84.4480491967993,49.72798915346157,2.5640651577418274,351724120,56666244.0,0.138755095602598,0.130519453096293
31740,"Manhattan, KS",0,63,98841,4.945057706504052,3.755128541387576,0.5221051747240391,63.798132976005945,0.0,7758.452251595998,79.74378936938213,52.255239982609226,2.810702512220075,82332685,11549396.0,0.123020238547972,0.116923318897599
31860,"Mankato-North Mankato, MN",0,66,100105,3.9598900262026775,3.23042028836232,0.5925167039777772,53.308261436444674,0.0,14337.174496778383,88.1527360073053,50.098760285461886,2.5848983990147785,80001142,11143061.0,0.122257484658679,0.119238297920142
31900,"Mansfield, OH",0,95,121324,2.237734015405778,1.9587437201133748,0.5303501554054362,38.46745242441311,0.0,12550.371006560945,85.48059454995871,50.75805119735756,2.49953559412991,112595898,16138585.0,0.125363341848353,0.123246896545115
32580,"McAllen-Edinburg-Mission, TX",0,339,849389,4.531581833288092,2.842156446481579,0.4663080562333949,49.482060645172375,0.0,44373.03856536876,6.138151678718766,48.98020992170033,3.587975413790933,755277393,70409420.0,0.085273761,0.085177095
32780,"Medford, OR",0,127,214267,5.009350342724471,3.977763935185275,0.5396828263314806,61.10107792248257,60.89878516057069,12257.061745392431,80.83057061327767,48.8248820264667,2.454346618918643,191829799,32430077.0,0.14460935936663,0.144241326
32820,"Memphis, TN-MS-AR",0,857,1345991,4.604419252485116,3.460174297020864,0.4586126849992412,59.93138375032995,44.40215424917403,72901.38030046264,43.50378935419611,47.802100374298426,2.6936574330360266,1086117504,111860411.0,0.093374352,0.093281403
32900,"Merced, CA",0,144,269075,6.005033576477261,2.9723967357918406,0.5337811656826916,61.85671764796406,78.10201616649634,12315.486730465484,27.64995467643396,50.47755562270157,3.391935806419358,291663024,46100713.0,0.13648804756089,0.134625281934129
33100,"Miami-Fort Lauderdale-West Palm Beach, FL",0,3496,6147269,19.67693967557658,13.519174340124753,0.4789023861297045,108.4390052772408,79.28136868583431,124760.1700400617,30.8844883075503,48.637872827480535,2.8553902717420243,4616175438,686690366.0,0.1294942,0.129416724771022
33140,"Michigan City-La Porte, IN",0,84,110552,3.0998864571304887,2.324664136178253,0.5109299109324842,56.701525607823655,7.990809754685578,18091.26960163543,79.27356246709152,51.51061241534579,2.5593996143033064,92548694,14809974.0,0.137948563221742,0.135323224930986
33220,"Midland, MI",0,65,83389,2.326036917323273,2.1235731633091066,0.477701164929256,30.65690927749825,0.0,11647.178752593269,91.47621618379222,49.20160758202867,2.437351969355829,57432471,8468886.0,0.128508522,0.124567617
33260,"Midland, TX",0,101,169808,5.707787635389964,3.941460590693184,0.6008467377549712,73.0072481864753,0.0,35760.25550621879,45.68451696046394,50.61904542734846,2.961493900361208,161869097,16650404.0,0.093269385,0.09191514
33340,"Milwaukee-Waukesha-West Allis, WI",0,1302,1575907,9.564682263011008,7.694396664924511,0.5194286071763726,93.0164429120822,60.70605689295117,120457.19609088608,66.55159301254488,48.75182751902429,2.496027520551679,1192315188,183507334.0,0.133380091592947,0.132600042153875
33460,"Minneapolis-St. Paul-Bloomington, MN-WI",0,2370,3557528,11.295888306705502,25.891103334386028,0.5203697818010646,74.27750477516896,49.80590454945119,158279.2305831465,75.6065833616878,49.57568633811165,2.600344200404345,2521153898,370834234.0,0.128228131331764,0.127726454198912
33540,"Missoula, MT",0,76,115983,4.408189120236377,4.418033784609971,0.5764370593831297,84.28259524140117,68.05824991593596,13812.417733633378,89.24123468787562,50.06435993828266,2.378865613529901,121365711,19847777.0,0.140551566858826,0.139975954218568
33660,"Mobile, AL",0,269,414659,2.8822575270194144,2.475653002996942,0.5226479072003613,43.19205329546163,0.0,26448.937903192746,56.89230501745895,47.66006461988728,2.6503126379991166,362136474,35050523.0,0.088246905,0.088054855
33700,"Modesto, CA",0,308,539301,9.173620241599693,4.888972371778374,0.5120160871678132,86.24798030150203,83.35308111796567,32943.07753925915,41.85778929811448,49.49815351421408,3.1236356944875734,583735677,83915550.0,0.125687704,0.12409666406321
33740,"Monroe, LA",0,132,178550,2.2496331649686696,1.7114395881004578,0.500831404338203,38.6491331195739,0.0,17392.964435732287,59.23518529972392,48.2094159586611,2.772880351741557,194478720,16497975.0,0.078198092,0.078052643
33780,"Monroe, MI",0,123,149699,2.194950420921204,1.617899292713723,0.4590200700899162,29.122467535038748,0.0,33546.55433904034,91.30417359594462,49.34313784420979,2.498406447629695,101325993,14968321.0,0.128710686577505,0.119816258366623
33860,"Montgomery, AL",0,289,373589,2.7415273003225438,2.2610039415122247,0.4908483648780337,38.03365120700782,45.18923201700264,24971.372899094997,48.21413273938278,47.65971344741182,2.5782458949635223,320430068,31236184.0,0.088823377,0.088471115
34060,"Morgantown, WV",0,133,139089,4.412836056340193,3.3688787782514136,0.5366601091452835,61.2847595191328,0.0,13807.520817605991,88.57118218990063,51.56980963947196,2.681510742846132,100904071,17315817.0,0.146471268861293,0.144660154925558
34100,"Morristown, TN",0,74,116987,1.3448635850813306,1.0968787532773212,0.476475766751272,28.27274897964148,0.0,14499.531212869806,86.37308910033867,49.05229562604511,2.640910109840843,89663603,8300393.0,0.084729016,0.082413701
34580,"Mount Vernon-Anacortes, WA",0,82,123907,3.2906658593890663,2.411886310680101,0.481944752859391,49.66145562977191,1.8368615171055716,6394.463008546732,74.39098175333567,49.44272840174506,2.590312003794362,95381929,17323367.0,0.153704995371291,0.153166694884735
34620,"Muncie, IN",0,101,115616,4.155701948579773,3.599423561676913,0.5084114825638234,100.77760557169668,0.0,16009.27320613064,86.79881759693966,48.29507911667536,2.499022291748142,105766515,13656352.0,0.114352906968814,0.112064270220123
34740,"Muskegon, MI",0,138,173043,3.422392327239524,2.2077096021852225,0.4810752576070859,53.16585017214416,0.0,20134.816941453857,76.36831566616848,49.71869103331275,2.628141160769802,142016205,20726630.0,0.127358172173909,0.123189696652167
34820,"Myrtle Beach-Conway-North Myrtle Beach, SC-NC",0,239,447775,1.6868304418600493,1.8952948590061505,0.5235844448796219,32.016997643672624,0.7244709954776395,13464.087963821115,78.60435744966992,48.21126453973926,2.4785762744459103,476019140,57577281.0,0.107904173892501,0.106373989273891
RNC1,NC-NonMSA areas (NE),1,364,444405,0.8895004843430974,0.815662332233866,0.5187362741014904,21.260937687236783,0.0,3711.387983933574,53.03207352231251,48.950132417763385,2.5157998683344305,289361578,36075707.0,0.110853023494219,0.109409987801089
RNC3,NC-NonMSA areas (NW),1,391,511901,0.7555142048313459,0.6492228964147323,0.5173390884402919,21.875505915595365,0.0,4945.4083856058105,84.60318295460966,49.14658076937317,2.4934090014625068,392224670,41254229.0,0.095170097,0.09353657
RNC10,NC-NonMSA areas (S),1,670,986031,0.792688622658771,0.671303718932078,0.4942226371240801,18.476353813779014,0.0,6298.39201505835,54.05996840570317,48.94513528839922,2.670185381470505,656804275,82154982.0,0.11117660577598,0.108592007864904
RNC4,NC-NonMSA areas (W),1,127,171471,0.4692727083438862,0.4142626623476111,0.4921886901653702,16.385887505817237,0.0,2101.6103597692904,85.4465677501299,48.57225333410311,2.3488968145265186,121394933,13523335.0,0.100233535461632,0.09910464
RND2,ND-NonMSA areas (NE),1,105,93911,0.5090909018634562,0.5466411374025995,0.6092120232894984,17.6264986880873,0.0,1107.7764053199303,75.33352621596426,50.83957522958392,2.381123698714023,48889153,7976773.0,0.140273333454554,0.13973178233699
RND1,ND-NonMSA areas (SE),1,85,76895,1.4030287524105067,1.244640600734065,0.6090457969840256,38.29934177964895,0.0,2121.453865660966,92.84994569413368,51.207160522906605,2.2641324958520976,48673564,8021352.0,0.141482738946116,0.138279230164039
RND3,ND-NonMSA areas (W),1,151,206262,2.3016488428967903,1.9876835086588016,0.6433532891281858,44.100924329628334,0.0,5651.632200793166,83.46047657069197,52.28954026416292,2.47175755846441,146233633,20921504.0,0.125162195882738,0.124817430611886
RNE1,NE-NonMSA areas (NE),1,221,231810,1.777732238498524,1.4553423789290567,0.6220120747366908,41.44086907576163,2.6750355894913938,5953.013493809585,83.70645691070966,50.22906042008817,2.4380940338454407,181507944,25874021.0,0.124765048879733,0.12279747913739
RNE2,NE-NonMSA areas (SE),1,245,270100,1.6723085099521036,1.431118981527385,0.6256264623696278,41.2062728611715,0.7634209552017771,4632.258711588301,86.38523073271497,50.23457115201323,2.450301697502817,199079784,28705806.0,0.12602116753742,0.1245811066757
RNE3,NE-NonMSA areas (W),1,175,164549,1.9006082478281072,1.513417938074631,0.6151783617952659,53.140860931247545,1.6888586378525543,3096.396623498168,84.49847280117034,49.37228761530504,2.344051308539945,137504887,19953303.0,0.12672127756581,0.126424321657806
RNH1,NH-NonMSA areas,1,393,499169,1.3261566243990062,1.3996737058559976,0.5962718712091614,22.309350500261427,4.186758392448249,6387.327548385417,93.19964131735809,49.4883968567231,2.4865421751508032,389166876,65973656.0,0.144952275970886,0.140835517047411
RNM1,NM-NonMSA areas (NE),1,158,186793,1.6381744435759866,1.2438128974894915,0.5264950164808271,40.70543466332133,0.0,2798.9360200864057,32.21204668521994,50.28369253338511,2.67712033266915,140231124,25739595.0,0.155085156918553,0.152903627808476
RNM3,NM-NonMSA areas (SE),1,234,297366,2.969609609432346,1.9833024027805397,0.5465453108122938,62.88021234735846,0.0,4676.523291163078,44.33491578724562,50.77022836389048,2.832714709913202,277759872,44881036.0,0.139105224685271,0.138783502803548
RNM2,NM-NonMSA areas (W),1,142,188197,1.1401664267849363,0.9191107355245683,0.5070791213239848,28.889677603365,5.418258526969081,1747.694756026929,26.05236812942669,49.58858201324461,2.9423634301556296,137885940,26900814.0,0.163246215772901,0.162537130165855
RNV1,NV-NonMSA areas (E),1,75,112698,1.3322587147959692,0.8873342647965669,0.494733589444305,30.797686298353845,0.0,1841.0430353688616,72.19542307861899,52.18572247453592,2.609120820965924,100201488,17548567.0,0.149032346524169,0.148768141795087
RNV2,NV-NonMSA areas (N),1,44,53271,1.354111280339173,1.2183851881898018,0.5173416686814938,40.801714698445664,0.0,1350.893075031443,68.77495547848909,53.047145936826325,2.5913242009132422,41085978,6846614.0,0.142838384371119,0.142689922567972
RNV3,NV-NonMSA areas (SW),1,65,106412,1.873909919400307,1.1527331785917816,0.4331406443158105,25.05774428113993,11.258128782468145,2095.909606059467,76.95222390009357,50.268202073354885,2.4273313994018304,75684831,12651879.0,0.143223343952927,0.133477060054957
RNY2,NY-NonMSA areas (Central),1,489,489133,1.909048031562816,1.5583697893007482,0.5195578197312057,32.02028233129086,2.25991703687954,4441.850817671268,86.7026304973284,50.05877517468146,2.51751290833273,317617404,81862644.0,0.204922985290119,0.201715520512766
RNY3,NY-NonMSA areas (N),1,294,310089,1.6760258162426611,1.4128404753736776,0.5135156078939289,27.31655280225123,0.0,2492.319988777416,90.13610182841252,51.5919603006622,2.582981003491205,205612587,53368910.0,0.206072289403748,0.204660387177011
RNY1,NY-NonMSA areas (SW),1,571,580443,1.9567199980656609,1.758746658215121,0.5324363910683109,32.26426565974929,8.374465709811298,6282.440391218432,90.61336339591554,50.40853314833282,2.459287347300894,387755489,102406389.0,0.20892360992627,0.204877451649967
34900,"Napa, CA",0,106,140530,8.266396579091243,5.353801140167233,0.5610384822152145,89.96373997106987,6.827012025901942,23742.05260798406,52.43405456121126,49.850669302335575,2.866707730212504,132524234,20364819.0,0.133199981,0.125838368047039
34940,"Naples-Immokalee-Marco Island, FL",0,193,363922,4.978981414302542,4.0109345680443536,0.5391737028893752,41.72499123116754,0.5339056171377383,18912.212320222465,62.82625258108025,49.25145307750913,2.597954944432399,310989826,43983311.0,0.123906026725622,0.12239365072633
34980,"Nashville-Davidson-Murfreesboro-Franklin, TN",0,1020,1864138,3.548425539751904,3.2686714872632514,0.4698249091332974,48.85069545264291,24.294016859266858,77181.4577241599,72.29722320052132,48.86625093055576,2.643786658935302,1561482219,161213393.0,0.093582054,0.093405481
35100,"New Bern, NC",0,156,194439,1.3788236469662616,1.3519393705999212,0.5112307478676648,27.970387703766686,0.0,4030.6882004124686,73.56336662264773,49.96337487619677,2.4098853832575022,143114223,17476302.0,0.108825237354445,0.107327702790613
35300,"New Haven-Milford, CT",0,628,859339,8.068331790121153,6.332954285147472,0.4996312742291689,59.9278205706125,67.62197456417083,71945.74183413065,62.89094159505454,48.22305900901794,2.5940279273501687,788622250,156133113.0,0.16526300787985,0.159067177664023
35380,"New Orleans-Metairie, LA",0,1110,1263635,9.043798505853935,6.65149145080881,0.4740442129374871,96.1752153467594,36.53373007237058,75331.77847400555,51.46725331032192,48.28262383684197,2.628290605732672,1281717914,137233529.0,0.096714746,0.096533919
35620,"New York-Newark-Jersey City, NY-NJ-PA",0,14900,19990592,58.77168490148821,42.66009937114879,0.4835352637647762,105.606283084819,76.10016251644774,444826.6625483128,46.58458063684156,48.39711890104579,2.7605264722268688,17434128292,5646135449.0,0.244630456235652,0.244066265461093
35660,"Niles-Benton Harbor, MI",0,144,154807,2.0765668454876907,1.6808427661491292,0.5061138425300304,39.74916506482642,0.0,15393.513187388167,74.90219485768785,48.93501067260094,2.4210005497526117,113054460,19730547.0,0.148590171780463,0.142603251371888
49060,"Nogales, AZ",0,33,46584,1.8141605524800295,1.2544631134803077,0.4419426656822296,30.629693348146965,0.0,2011.3137128627852,14.853700516351118,47.91523235800344,2.931937172774869,40053747,5703136.0,0.124639958539134,0.124272638136819
35840,"North Port-Sarasota-Bradenton, FL",0,460,785997,4.775705306867064,3.971339489661253,0.4850759223618979,73.24569733830828,57.580754125015744,23539.81286697023,77.37589102523425,48.0117803831984,2.4488540454237997,717812207,95040507.0,0.11692217466103,0.115902471274414
35980,"Norwich-New London, CT",0,188,268881,3.084215357116512,2.897466025126003,0.5252905378212462,33.98663082208154,44.31068018937746,20250.16787723937,75.65578368674969,50.12790306294177,2.479805614549232,252027982,41912240.0,0.142587631304164,0.139228973420589
ROH1,OH-NonMSA areas (N),1,1414,1602030,1.8101245877434031,1.5132765569829516,0.5452286534240967,37.76164467518049,1.7136383213797497,10755.600520589502,92.12230796268894,49.77822003124683,2.5318074860890745,1149083455,174039612.0,0.131536979696538,0.128485666862219
ROH2,OH-NonMSA areas (S),1,644,758457,1.6995222808025372,1.3603274705654895,0.4870845408412074,29.206042333996788,3.2945836085631752,5463.821947717537,93.35537548299794,49.81829762716523,2.5657063616113054,521242714,71474509.0,0.120587872642263,0.117775095837605
ROK2,OK-NonMSA areas (NE),1,269,331331,1.2660737186284476,1.05930413028483,0.4928925357072542,34.46486131717805,0.0,4493.9189088856765,59.8863351542659,49.20262480031647,2.645446048395472,222985722,25147563.0,0.101346995829278,0.099120886
ROK1,OK-NonMSA areas (SE),1,476,550286,0.9661033978086104,0.8711924283397147,0.5287209605230054,30.970760186375205,0.0,4456.5255848776815,69.63393238612088,49.40685592735008,2.650962720196641,370438640,43029614.0,0.104069934230065,0.102989490285226
ROK3,OK-NonMSA areas (W),1,342,399580,1.800165524674985,1.5630212843318367,0.5929676331418784,52.04086720930784,0.0,3479.8630236748586,72.24265076262819,51.30135399246439,2.688915827469677,267681333,33126124.0,0.110124012,0.108480616419631
ROR2,OR-NonMSA areas (NW),1,107,112519,1.989831220526784,2.091181588659342,0.5984210330756391,43.83991242269524,53.22834365751562,1545.797838587261,83.94745611112086,49.18272856416282,2.381646547763251,83566488,15061293.0,0.152708424,0.152496418872339
ROR1,OR-NonMSA areas (S),1,493,549597,4.045216307308247,4.136120491564358,0.5592063496357801,39.48460560830585,46.3625165348428,2983.619115460965,78.51921409997111,50.478727246460565,2.4967649724289984,413023265,81912533.0,0.165501330336182,0.162476283132196
36020,"Oak Harbor, WA",0,57,81636,1.9979862420461767,1.4010719128070863,0.3842590390984116,35.40505376478916,54.08398255671517,1835.532375422608,79.15791760191152,49.95172929790264,2.3833985273815004,52099990,8298972.0,0.13740256,0.136013239741103
36100,"Ocala, FL",0,175,348371,1.8572367109471104,1.4184276753260356,0.4402705880376121,38.79223525837163,17.935476833605552,11964.36460554983,70.33287509263818,47.98854963991333,2.5402092374903,280861878,38227121.0,0.11980081143443,0.118393276
36140,"Ocean City, NJ",0,91,93705,3.237155720984141,4.66610072703735,0.5646467939350522,77.02689726964984,56.63838642548424,8175.453647083934,85.26846142277034,48.87415937949853,2.3172437828284087,85745043,19061056.0,0.181869721150484,0.176772186031521
36220,"Odessa, TX",0,109,158342,5.933667193702706,3.64843306677084,0.5155217606606437,74.69753327692332,0.0,31460.025811218755,32.29251645607458,50.76379850416306,3.056900818579859,132280401,12890528.0,0.088795519,0.087330208
36260,"Ogden-Clearfield, UT",0,345,652744,5.678470038188601,3.439375112673883,0.5411940173200799,64.61916160175141,61.15996470285441,33736.6385504884,81.33539505940034,50.42655100886291,3.169876193709741,613148290,98238549.0,0.138094414,0.13734825471185
36420,"Oklahoma City, OK",0,1027,1369759,5.32261233968431,3.611206820618144,0.4947319096890986,72.78261512068056,30.837614500068987,60643.97747486967,64.2799859130587,49.32837542421725,2.684044114221829,1097950267,129387877.0,0.105421539803459,0.10505532112628
36500,"Olympia-Tumwater, WA",0,161,274684,3.5540201114865875,3.2057134570783905,0.4458716811720823,51.19970342873518,57.90836015202924,18135.80145913122,74.95951178180336,48.927285662701856,2.5432203158669977,200532833,36910813.0,0.155450834847777,0.153069875
36540,"Omaha-Council Bluffs, NE-IA",0,809,922891,6.275943906159344,4.873368292686617,0.4920202165996682,83.50072625005353,38.73783577908984,66462.45021134673,76.10313175119852,49.53492190744801,2.593144348832808,870514107,104963924.0,0.107602550405361,0.107295257251735
36740,"Orlando-Kissimmee-Sanford, FL",0,834,2450261,5.4791566938306255,4.269355353234936,0.5318775269868975,58.02346940932037,39.618840605143696,62611.5006731936,46.67560791878739,48.874279086637145,2.874519809676787,2060189062,303149239.0,0.128271622759944,0.127365860880907
36780,"Oshkosh-Neenah, WI",0,131,169926,5.263362296269484,4.358234680725411,0.5211181482155832,71.5082423006858,38.2236973741511,38321.90863670068,88.65390145002377,50.38113736789291,2.4139586933733743,123107828,19448412.0,0.136426241320618,0.127049161
36980,"Owensboro, KY",0,84,117987,2.9199082294609093,2.6337157779581,0.5385048416184914,47.34458743414099,0.0,15577.741166399688,89.19874743621125,49.10995383070132,2.5048521110382884,120116393,10481735.0,0.080259458,0.079753083
37100,"Oxnard-Thousand Oaks-Ventura, CA",0,430,848112,12.051171597843686,6.387164838614864,0.5282993981207954,101.76126223546696,67.98536042409494,31016.036246391985,45.41895491718629,49.4664584668515,3.1259703364817,869157096,145170440.0,0.14311988469965,0.140210842937283
RPA1,PA-NonMSA areas (Central),1,508,575871,2.6819241327950816,2.1998592821423464,0.5303030148782,58.30018915641978,0.0,6572.479084725573,92.5219092522781,51.11455583415576,2.516905117177214,383294164,76657550.0,0.166664342509657,0.162732660104303
RPA3,PA-NonMSA areas (NE),1,185,201583,0.8116335468817766,0.830820214390351,0.5533972257806203,21.39277424205358,1.7620533477525389,3388.4527911579844,94.53535827254856,50.65008930620554,2.5013602895295146,114489761,23102313.0,0.167904388155382,0.161404794354341
RPA2,PA-NonMSA areas (NW),1,522,567919,2.281621538102881,1.8508304301651055,0.5577450941776366,46.94002622338301,0.0,4551.243930912683,94.67051687034456,50.42969123919124,2.456663081204193,374478579,75298644.0,0.167413199578583,0.164268629720831
37340,"Palm Bay-Melbourne-Titusville, FL",0,318,576808,4.365581358955212,3.1488684674851264,0.4678336399558345,58.28785814785758,54.74369287527219,15054.957996421686,74.43702637201605,48.91692157395215,2.541075528281333,505201183,66981701.0,0.117063447497322,0.116743367987254
37460,"Panama City, FL",0,124,198537,5.017738106017084,3.5584171066595176,0.5596736501268215,48.44926612058958,38.1651782791117,9519.927353591522,76.13142709760945,50.39016471373592,2.562057036240428,167353161,21625790.0,0.114434913970921,0.113919602137452
37620,"Parkersburg-Vienna, WV",0,73,91353,2.5332945364423,2.338200465829476,0.5361836766605877,52.38407524422419,0.0,8353.338664302213,95.39544723330174,48.46735274025431,2.3888084647171848,75431624,9450392.0,0.111335621,0.106990875862025
37860,"Pensacola-Ferry Pass-Brent, FL",0,269,481964,3.207549536386443,2.4318621164909366,0.5188981400480875,42.62391015119733,35.305541492725595,14880.27130449577,70.79033929617447,50.06963702723627,2.65903124965962,379735098,46726319.0,0.109567518038801,0.108882976521802
37900,"Peoria, IL",0,277,374426,3.461282498080017,2.969470463283409,0.542705354618096,50.99193464134876,42.20914145919354,28553.722917211944,82.32716768291863,48.94954423318477,2.491195507966926,309936092,49400424.0,0.137476771216872,0.136628303931684
37980,"Philadelphia-Camden-Wilmington, PA-NJ-DE-MD",0,4306,6069448,15.469816819966834,11.29831571474841,0.5148541289989005,100.86445442362611,66.20317037068281,146910.0261689366,61.77301686261028,48.35226422201861,2.666154118745044,5095698364,1207161882.0,0.191526042920927,0.190286563620456
38060,"Phoenix-Mesa-Scottsdale, AZ",0,2704,4673634,9.109627118231591,5.8490617857424745,0.431334224761852,103.06751466247522,56.64600608434465,91941.7836563582,55.381601532089086,49.69295004224418,2.81186621439994,4428979037,655536166.0,0.128927958679957,0.128840132217544
38220,"Pine Bluff, AR",0,88,92345,1.5787644271531254,1.1607878237177924,0.4534705921596866,44.70974297690887,0.0,8378.737192051545,46.71985913167887,51.61613382490508,2.689029623272469,72451619,7193361.0,0.09031782,0.089549155
38300,"Pittsburgh, PA",0,2033,2464467,5.354385515317592,5.4228235083642575,0.5322965083621358,87.82723779322856,36.25059698506817,54836.40983263318,85.74062216400195,48.72385179247296,2.3145507683605167,2026493332,436934104.0,0.177368367996044,0.176864342685822
38340,"Pittsfield, MA",0,143,127328,3.3331455451177163,3.0506891527778466,0.5458148444214763,39.09291150833119,55.71751696406132,5858.452987559688,88.10599169468064,48.36859798299387,2.3064783901629173,126959965,30084564.0,0.191567093687167,0.189919398645205
38540,"Pocatello, ID",0,60,85065,4.154865105456383,3.187717738678994,0.5276412259506854,58.12871089652841,0.0,9812.796355727973,83.6751588643386,49.8186906080569,2.752848659926176,85590094,12900859.0,0.130985218510374,0.130312259
38940,"Port St. Lucie, FL",0,235,463172,4.501532083477312,3.3964493059968888,0.4691399826925881,53.1759827331834,0.0,15950.194830430164,64.38141403184665,49.0313805581214,2.6326880065146216,412089056,55706833.0,0.119083630938022,0.118089409669093
38860,"Portland-South Portland, ME",0,381,529323,3.509594010595268,3.856325640735869,0.5533447317411414,40.23996724165004,23.51362022810269,21966.92377810902,92.08927312878824,48.6367523375464,2.397403779433896,463227841,75289074.0,0.139808187826375,0.137437409226942
38900,"Portland-Vancouver-Hillsboro, OR-WA",0,1421,2417931,9.822398461172268,8.566127965057651,0.5305221726607424,113.21370842875442,73.7220375602116,57908.922167754165,73.29546918116692,49.494165619616965,2.605626615358718,1782634994,368111027.0,0.171155042671586,0.170656773906243
39140,"Prescott, AZ",0,114,224645,2.148424308981823,1.589870991548051,0.4764114440548275,32.88332336479829,12.308753811569364,2911.5474281644374,80.45749713899862,48.86721884358544,2.318083873721871,203037738,31103388.0,0.132840345185664,0.129922798307663
39300,"Providence-Warwick, RI-MA",0,1205,1615516,10.234327473612348,7.365006587374681,0.5247726418688625,102.5940597018546,65.33262437512225,69454.9863548241,75.23024616441776,48.53231973937568,2.5752155072955007,1572926602,280990508.0,0.151565842121172,0.149753803105154
39340,"Provo-Orem, UT",0,352,601388,8.164477342589427,4.581792658445221,0.5537166755603197,74.19725145983878,51.88064943098299,38724.465232096416,82.49455650293211,50.52910953629349,3.639851287952554,614729360,94206453.0,0.1328843193876,0.132264414625948
39380,"Pueblo, CO",0,134,164685,5.213115183335315,3.492718128727397,0.4231876327631848,80.47341974227132,1.077208003157543,12481.944834077178,52.05624706293454,49.24509886614212,2.5808066672886154,160337542,23587677.0,0.128246018290727,0.128055669787058
39460,"Punta Gorda, FL",0,108,176954,2.763755155135556,2.3099816901634043,0.435019284750631,61.9009895779379,0.5735953976739718,7312.011856188614,83.91258484428415,48.85760519586672,2.3548529736900288,151737161,21233346.0,0.122757032,0.11702717
39540,"Racine, WI",0,167,195398,6.042354796257115,4.253876740065278,0.5151559525516293,71.8886124104505,47.98104381825812,53480.69906549709,71.95325201173813,49.5388595208638,2.541143762829007,142033954,21164157.0,0.129683835617435,0.125230362594629
39580,"Raleigh, NC",0,569,1302632,3.985346697223311,3.395128021337507,0.5346255204373891,53.32804879132361,31.32450300622125,51684.770432478246,61.3461121314768,48.75565840107903,2.694144434715614,1082440056,141835631.0,0.115852689476794,0.11463129127137
39660,"Rapid City, SD",0,90,145291,2.7261586014577084,2.38784682388867,0.5281582085913594,49.261596817854766,0.0,9263.357097136091,81.93595747717865,50.59576810924341,2.494548722383302,148198302,16938816.0,0.102574249842485,0.102365680164565
39740,"Reading, PA",0,265,416642,9.613593273235594,6.1379110081057,0.5467594032238065,85.90489761937064,0.0,47801.185855002615,71.7014532623647,49.19275162968722,2.7019558922384816,333902759,62649268.0,0.157984989949377,0.15271885246565
39820,"Redding, CA",0,131,179085,2.786788711273769,2.3367692282029484,0.5245074886536447,35.92414321687436,50.29120250160538,9067.661641120138,79.80101778898735,49.1300805749615,2.517694328542729,199658105,28690301.0,0.125642659401791,0.125170753946166
39900,"Reno, NV",0,315,454427,8.638378913120281,6.322155057533626,0.4312000053536035,80.19702688175187,52.99244983242632,26565.79239789889,63.26162230649738,50.37685171525024,2.5076520480721625,466596209,70500040.0,0.131261464088162,0.130907951114402
40060,"Richmond, VA",0,744,1281530,4.523096968854114,3.825525944198783,0.484993559191138,53.86096784878378,27.175407520697917,59105.83742401661,57.37828039809138,48.34627483526946,2.641440701513517,1131089312,156224825.0,0.121357188979585,0.121037258075837
40140,"Riverside-San Bernardino-Ontario, CA",0,2122,4518699,8.80919213864638,4.39818813978556,0.4891293819506871,73.12507029487577,65.65507018723751,58036.2014135042,32.11879477334573,49.79149078932654,3.350985426185252,4559518937,726451274.0,0.137430073383363,0.136199493595827
40220,"Roanoke, VA",0,209,313291,3.0036718061360785,2.745435676588749,0.5196195804771919,41.04881238031326,39.282328569923806,24644.61088253413,78.32266803829921,48.071780683622514,2.437157406253893,289130685,35233619.0,0.108623601812855,0.107770616347173
40340,"Rochester, MN",0,206,266882,3.4645942801641945,3.930278578791808,0.5297133947130862,47.72193322154376,21.044881258383853,15054.58631155342,85.5208065830756,49.33510489822806,2.51247405135494,208918892,29362771.0,0.123227153236714,0.122243396253974
40380,"Rochester, NY",0,850,1074667,5.307751767632454,4.533504878451539,0.5076273696874422,51.89219329448212,48.33757805906388,52202.90181981953,76.5329110419927,48.6202985057933,2.4771295250892957,844395284,223219271.0,0.209082266586371,0.208393553
40420,"Rockford, IL",0,290,339780,4.525092517927697,3.398663748547745,0.4764696071844349,65.79571981078296,0.4570604508799812,35347.62857731473,69.64676258142312,49.01080518743572,2.537352830896138,314208902,45757478.0,0.127115976775387,0.125879935281079
40580,"Rocky Mount, NC",0,112,147335,1.2290037098585782,1.0323344737197344,0.507578078987258,26.728623790904457,27.734075406386804,9736.813038314049,44.97675179645209,47.37929341823586,2.521887142808019,100759363,13184912.0,0.11571368548354,0.113599475638892
40660,"Rome, GA",0,56,96824,1.4479715514230909,1.3176763829951954,0.4966776053989004,24.338650783525196,0.0,9834.716981326945,70.76379545851348,48.38192853988436,2.7290282799405814,99249748,10099157.0,0.092357185,0.091918297
RSC2,SC-NonMSA areas (E),1,298,351458,0.8738827025120731,0.652532397653002,0.4850158468265831,23.947343302868525,0.0,5401.3438533196,45.51731436432958,47.90445708663332,2.598519476465473,248096821,30137820.0,0.108318001,0.104152020209024
RSC1,SC-NonMSA areas (W),1,203,245361,0.7003597501072308,0.6018461289704281,0.5286449263630375,19.217072661628933,0.0,4986.776276588374,54.72905034783248,48.51343508080668,2.570855137338965,183680510,20856662.0,0.101970032,0.100134854160792
RSD2,SD-NonMSA areas (Central),1,98,107569,0.6680463236340255,0.6320545779797173,0.5840289283122442,14.121560802094333,0.0,1176.8157275795072,56.06977870501453,49.80999925489904,2.823541787198233,63289008,9119909.0,0.125950081534847,0.124417847791787
RSD1,SD-NonMSA areas (E),1,260,297017,2.0429694793576005,1.6607899961811348,0.6106550091063367,37.62482503172991,0.0,3695.382994912749,87.24548300641945,50.76687168140105,2.4728250927173243,246991520,32161843.0,0.115212092214701,0.11428758567521
RSD3,SD-NonMSA areas (NW),1,33,43797,1.124040202062948,1.02399972501523,0.6141906871970061,26.55894528802404,0.0,2405.127109162728,85.35500272380607,50.28599963682586,2.4176041266531305,34272373,4459877.0,0.115146344454557,0.113482774217174
40900,"Sacramento--Roseville--Arden-Arcade, CA",0,1372,2291738,9.404332009966929,6.016558614644125,0.4984699121869405,101.43639343062232,68.45350559269863,73304.32310979701,52.25144431299061,48.90020639211047,2.786476568609757,2356257877,385282967.0,0.140535191311562,0.140095471702348
40980,"Saginaw, MI",0,173,192778,3.1444444901862325,2.302506681742831,0.4779553790911236,51.56045225031319,0.0,21026.54324144871,69.35789095041731,48.549428894646574,2.4301749585091152,146892185,21599627.0,0.128193927,0.124882543507519
41420,"Salem, OR",0,233,416980,6.69536488109735,4.613737978827064,0.556718838515668,74.04128418865669,69.29564967144707,22168.83359633556,67.94557559182167,49.642280885212855,2.849328920137789,313496819,59271080.0,0.159002639870554,0.15725680219881
41500,"Salinas, CA",0,233,433212,12.96537423986464,5.892118703551263,0.5206668426198795,93.25224199903816,78.27414753053932,19119.491830789542,29.934242403267117,50.99120924759466,3.40851716409107,371291810,66280913.0,0.151474051,0.15032184329006
41540,"Salisbury, MD-DE",0,273,399013,1.689415119682061,1.860679156207669,0.5418796573281363,33.07663367105528,13.046692714272467,7744.172320200094,71.0971596149519,48.58005474547311,2.525191535594088,319255219,42710900.0,0.117996955400127,0.116573474805697
41620,"Salt Lake City, UT",0,644,1185990,8.90173642768958,6.497950371388533,0.5578149919479596,108.07864066946256,77.16894746161435,88117.08764913701,71.72973823585001,50.2091931762643,3.0383229867087613,1151035405,201455291.0,0.148951332231568,0.147984125410993
41660,"San Angelo, TX",0,99,118990,4.118586125445911,2.8562455590168696,0.5168515240408466,80.95166313467361,0.0,13170.41144634003,53.49564403123589,49.78429175793856,2.7185653241203744,109742311,11353654.0,0.093757492,0.093661616
41700,"San Antonio-New Braunfels, TX",0,1335,2426204,7.010861209805086,4.519271340175712,0.4642264019842682,65.51841599060327,54.23307355853012,111127.4960745263,33.68484555300173,49.458044812541,3.042137957810276,1995805422,246566886.0,0.109958049838707,0.109738657345028
41740,"San Diego-Carlsbad, CA",0,1795,3302833,14.629087822793128,8.992784110558103,0.487310085063824,101.98526964038297,68.67849509799618,96895.75807677834,45.55858691892489,50.346147385778295,2.9468712842779525,3392675908,584383488.0,0.14693858698408,0.146810738139114
41860,"San Francisco-Oakland-Hayward, CA",0,2903,4673221,23.521105470290053,18.60715738279037,0.5012505318085728,138.47537997428756,72.57889151829113,113121.14150818031,39.5961187169934,49.46655543577862,2.760172021546726,4042738227,821574501.0,0.168898372070292,0.16784155944016
41940,"San Jose-Sunnyvale-Santa Clara, CA",0,1115,1981616,17.066211444333796,10.07391917797081,0.515370085570525,149.1106843100437,87.08059482765582,111003.33381038504,31.622469748662624,50.53575578792321,3.019436469962786,1819235683,327468674.0,0.152544840621479,0.150739277661262
42020,"San Luis Obispo-Paso Robles-Arroyo Grande, CA",0,163,281455,5.404925881097744,3.816579709418141,0.5404284166750448,61.842248696198354,57.13773072071911,10268.734046295143,68.88699874187088,50.68169333545974,2.662411186910861,249916390,47053458.0,0.158445237174381,0.156694649592873
42100,"Santa Cruz-Watsonville, CA",0,196,273765,10.481275037088944,6.7384118600991485,0.5508025479748546,85.19117440487709,72.23713769108542,15104.181319745036,57.26962133434564,49.508325972215125,2.859191383664865,212780497,33981702.0,0.137710322479336,0.135835847542173
42140,"Santa Fe, NM",0,102,148917,3.774255455731516,2.9090086420373744,0.506348160103499,61.32854095102174,42.805723993902646,9862.271587528625,42.77829503057745,48.48184442673132,2.411023723777071,128776921,24156558.0,0.157954675182666,0.153800179
42200,"Santa Maria-Santa Barbara, CA",0,313,443738,14.72410138829936,7.5418755683081296,0.5146327254092671,125.32514338377162,51.20611712316728,18491.88616480896,44.50991279795157,50.05496494158429,3.049781976744186,442475103,84847956.0,0.160903177951109,0.15981562468555
42220,"Santa Rosa, CA",0,387,501317,7.848062709876923,4.984147070810355,0.5373872183820166,69.7541507282484,61.06455595960241,23213.564213860693,63.23323435486582,48.83126705777835,2.6390740017109,478165294,69153137.0,0.126349001,0.12619550032071
42340,"Savannah, GA",0,241,381623,3.722535348704988,3.00233762694593,0.5010546663940108,67.64493921809115,47.46962316212597,26300.17129208669,55.520987679905495,48.52112238236848,2.703560523293274,391280395,55189301.0,0.123612647161612,0.123402763024227
42540,"Scranton--Wilkes-Barre--Hazleton, PA",0,486,556926,5.869970309935613,4.672270692572686,0.5240458483399866,88.55607442375394,0.0,22141.201066209876,83.61408964765083,49.12335640574327,2.4519639382024705,475683612,93611818.0,0.164434515133908,0.163092613
42660,"Seattle-Tacoma-Bellevue, WA",0,2483,3809717,10.80740821713509,10.729988706337387,0.4629480102231994,106.71965012451172,72.72372199824815,81415.87269106865,63.28260390569322,50.07908149229604,2.5823504966490947,2738149709,533328604.0,0.163023732078764,0.162827405
42680,"Sebastian-Vero Beach, FL",0,93,150984,3.092312757292947,2.346009776058604,0.522537549817258,50.47991540874372,0.0,8928.251874370795,75.29433920604718,48.02356012442447,2.6272606292226848,136594671,18177097.0,0.117444526446193,0.115540121474862
42700,"Sebring, FL",0,79,102101,1.8858565913677092,1.42460738568069,0.447488608343664,50.872980372276416,0.0,3741.366715311309,67.09107959434245,48.687606949157455,2.4781264973646384,76017673,11566343.0,0.132059975418346,0.13184414516331
43100,"Sheboygan, WI",0,143,194612,3.5782285204073485,2.874442472221709,0.5608560934531598,52.31831095215265,0.0,17392.03951965963,86.79635527338021,50.14586109496149,2.3616116450589906,151921450,23027496.0,0.13162409106483,0.129878832077823
43300,"Sherman-Denison, TX",0,92,128560,2.022439748201696,1.289219540746283,0.497520969026506,40.743907287160994,0.0,14199.563137834471,75.41255133039218,48.80699772543392,2.703884096256243,94074685,10002222.0,0.096104143,0.09330869
43340,"Shreveport-Bossier City, LA",0,330,441339,2.805979453121536,2.250060148229164,0.4680239275783689,38.04453022269935,0.0,26907.536653230283,53.558415990484455,48.1500976391158,2.54245624605331,441135690,40993718.0,0.085026379,0.084637489
43420,"Sierra Vista-Douglas, AZ",0,102,126279,2.2333002356052645,1.591880804064545,0.454596708000561,43.5410487910519,0.0,2025.9918513767132,54.991379789778094,50.82110481698936,2.509160137950282,116169073,18094856.0,0.134770791639801,0.134653117588836
43460,"Sikeston, MO",0,35,38729,1.2736522148278695,1.1068815199472144,0.5760581620500638,34.20945028533835,0.0,7198.844070334892,83.2423058007403,48.36538710428909,2.536638214051215,28375186,3113731.0,0.098883394,0.084916256
43580,"Sioux City, IA-NE-SD",0,159,168677,4.311821848657599,2.866850194219404,0.5397629793853792,68.56132257540074,55.43672225614637,13521.10795188437,74.88485264690907,49.61696484601632,2.5733002239454,157163095,17420253.0,0.09978187,0.099157218
43620,"Sioux Falls, SD",0,164,255438,4.563540958884456,4.041776227282216,0.5463348940070124,60.57812759988678,44.79795488533421,31422.260893054285,85.44272560420747,50.19818930548915,2.5353197646000742,275180719,30131619.0,0.098691128,0.098448665
43780,"South Bend-Mishawaka, IN-MI",0,273,320700,4.220283852979938,3.329157136098256,0.4750404286794041,86.78821718055663,0.0,31653.40024633614,74.7329357025415,48.86476305328232,2.618084318623821,296953078,42970575.0,0.12641243,0.12284655943836
43900,"Spartanburg, SC",0,222,329839,1.4566113395714386,1.2382081252266957,0.5082485021863515,26.854650586386395,0.0,21653.508763366368,68.03170330670503,48.45467268663442,2.6164494796099222,302093880,33860114.0,0.100787948959464,0.097866838
44060,"Spokane-Spokane Valley, WA",0,370,555308,4.81580549578079,3.9837858632527614,0.4574239138288856,86.07627097193001,59.73585829845779,21418.775072572334,84.81625873722577,49.63400805980796,2.4925118978115104,459423439,80265007.0,0.148724708848038,0.148048341079015
44100,"Springfield, IL",0,193,210028,3.5711652220115493,4.164116302334473,0.4993550992177392,51.082517770383554,60.748090730759706,21298.92421486659,81.23508966519574,48.06064054081189,2.352861112048505,212814599,34981810.0,0.141171577672056,0.140508198008472
44140,"Springfield, MA",0,504,701210,6.816358152672649,4.408895857334875,0.5155852323508748,64.50346499065849,56.46596597310364,43866.91759957787,70.38857436953165,47.9830731400469,2.601941747572816,604097115,132116267.0,0.179453770102755,0.17611773584799
44180,"Springfield, MO",0,263,458834,2.799033788464496,2.752750214054441,0.5287396776103078,47.35824489365844,0.0,24211.36104342747,89.82990005060182,48.92698201256828,2.45528878317104,480918912,46481104.0,0.088132542,0.08774478
44220,"Springfield, OH",0,136,135198,3.9419175191379447,2.730919974039734,0.4827880662601464,62.3940589479902,0.0,28694.53670172636,84.05652954886213,48.42198239389576,2.463178294573644,111871359,15867659.0,0.124219359506897,0.120848315507037
41060,"St. Cloud, MN",0,126,196598,4.075813648119456,2.591176489205249,0.5811470889686928,53.01284551703099,5.79507421235211,17828.39235394053,86.80236276380923,50.273691843630566,2.6152822957685267,145719750,20607854.0,0.123899181521306,0.120404473
41100,"St. George, UT",0,57,160537,3.00774346652664,2.709890747014166,0.6141903797829312,45.90731613419402,0.0,9814.42981368781,84.30803746434194,49.42193219991436,2.9016344673106538,199681580,27726288.0,0.121923169,0.12166364453449
41140,"St. Joseph, MO-KS",0,106,126779,3.2015418894662075,2.489780930376273,0.5575381475672143,72.51996169905753,0.0,13336.83665275795,85.30826722040374,51.633075222115664,2.677865738480803,128555039,12373621.0,0.087800601,0.086984169
41180,"St. Louis, MO-IL",0,1990,2805551,5.290673049591704,4.518693658173107,0.5261711504642625,68.10436766787657,37.221636676716976,91453.51566234228,73.72719851418263,48.48587796192058,2.4892229713541343,2458178118,321281523.0,0.115591361090751,0.115377586715881
44300,"State College, PA",0,99,161443,12.423297453762151,7.424265919966612,0.5295040551619083,102.4396456805549,58.79040899884169,10189.730071913926,85.43714497406766,52.60681649790072,2.7827700554973283,101527240,20853886.0,0.170401161368625,0.166741497295338
44420,"Staunton-Waynesboro, VA",0,89,121079,2.070758787259434,1.4927683628070418,0.4956963387156661,32.44261752079796,0.0,10658.216395906804,85.95243771115733,49.54665395270076,2.4661152668815505,98239742,14071787.0,0.125292453279663,0.123523540356369
44700,"Stockton-Lodi, CA",0,395,732212,9.696586483087112,5.076720259519873,0.5255437907078332,84.00762196986376,57.43678060452437,36739.415564071605,31.848645911745574,49.84520665820095,3.2489510734270475,755414562,127616096.0,0.144520572240426,0.143302241085207
44940,"Sumter, SC",0,85,124601,1.2627471523348928,1.0690361292667274,0.47096307324615,31.14282536540313,0.8539257309331386,9786.237389748076,43.3863456921416,48.57881761492725,2.575198655573767,105544968,11359603.0,0.097169879,0.096312801
45060,"Syracuse, NY",0,509,654705,5.215932713163643,4.6046522492402655,0.4898953924319119,55.18119961995398,56.6597169717659,30345.890020696344,81.73741907004121,48.699755983912105,2.535820895522388,504285090,135522430.0,0.211817500988422,0.210261780494381
RTN1,TN-NonMSA areas (E),1,462,741205,0.5588972102749737,0.5572099789926199,0.4434449192349242,15.64764596359078,0.0,7706.74143995251,91.55750767675984,49.47666680516779,2.52840067642444,578152446,56068575.0,0.088405419,0.086878468
RTN3,TN-NonMSA areas (W),1,557,760005,0.7817510649564583,0.591557534078939,0.4659945302560599,14.912650593324246,0.0,5260.568258103565,83.21565407413334,49.39630080943568,2.5850940101385147,528538180,50671544.0,0.087483932,0.086369217
RTX10,TX-NonMSA areas (E),1,313,381408,1.3778634781410588,0.8585514522214154,0.5746544739934064,36.6841370926709,0.0,4037.871143237688,52.41970054996759,51.41935551326823,2.890206773591605,244206180,29337558.0,0.107249971117964,0.105656321408871
RTX9,TX-NonMSA areas (NE),1,880,1233799,1.0555938471730173,0.8108911451422179,0.4814031926277727,22.141011085497446,0.0,5512.51685647338,67.94024988437258,50.73456706914964,2.7856630518124117,769523060,89324808.0,0.104005390626411,0.101740429702262
RTX2,TX-NonMSA areas (NW),1,477,528196,1.865102935631903,1.253978020818346,0.5700904578777806,51.6525074100287,0.0,3563.5076051314286,55.03848985111932,51.26026443583408,2.8719401272841494,351647981,46609298.0,0.117033135256267,0.115539645708286
RTX7,TX-NonMSA areas (S/SW),1,388,572326,2.176474835264868,1.3296070291218585,0.5166929205928298,44.1647097942911,0.0,4196.357233464843,31.3678636911858,50.38779550889229,3.068197496270073,408416382,50220983.0,0.109500417612071,0.108201318854997
RTX4,TX-NonMSA areas (W),1,313,336438,1.6889449143558677,1.1533125841338836,0.5771966236816256,56.58555935743527,0.0,2727.3902502095484,57.30455829683858,51.69622469060088,2.8738032699925564,227516630,29625105.0,0.115209244427008,0.114488692463667
45220,"Tallahassee, FL",0,235,380101,3.722408169578834,3.706209458648518,0.4940766747376942,44.9231567023896,41.319807103901326,19784.694807432763,55.681494098593134,48.20786139085341,2.586309100874967,266757984,38467151.0,0.126028778724268,0.125677706099317
45300,"Tampa-St. Petersburg-Clearwater, FL",0,2017,3030047,8.075875258691445,6.793909426068557,0.4708398737196942,82.29524076144577,54.19038054525227,61897.88186981918,62.72648303231361,48.5164754109209,2.5533200853563147,2391722790,334433928.0,0.12267597302526,0.122553197
45460,"Terre Haute, IN",0,160,170313,2.682033130207429,2.3194284768385667,0.4992494198769933,76.92605223481539,32.439684580742515,9484.128845126326,88.91811110718866,50.79959049669927,2.5426284688458374,155348431,17942915.0,0.10354189873971,0.102138030607395
45500,"Texarkana, TX-AR",0,125,150034,1.9153759653856488,1.654922242380836,0.5260468015416483,43.00400261712824,0.0,11348.588346641429,65.9090909090909,49.76489028213166,2.672370894119753,124075303,14200767.0,0.102698659283562,0.102492737933348
45540,"The Villages, FL",0,41,120999,2.5793741542217354,1.8419515993229736,0.4694633488877145,49.79913400768908,0.0,10987.312143075562,84.96689165413774,50.03598733245897,2.2237951271563223,94142894,15481800.0,0.14122547972631,0.130911789963708
45780,"Toledo, OH",0,519,604620,5.447000445183255,4.149978434917423,0.5061768759282321,65.25320357261545,51.13360457808211,39459.04909529952,74.29151374056553,48.71873472465017,2.4430928043720272,496542170,75736982.0,0.132342724237489,0.129682914916187
45820,"Topeka, KS",0,184,233260,3.2098265003543616,2.8415968934356592,0.4854058511507434,49.143690043722906,46.755123038669296,23942.42346737546,77.95582056723573,48.80486987601921,2.45914766844852,206437885,26021714.0,0.11194080223807,0.111208195801658
25540,"Torrington, CT",0,1027,1392398,5.674559291729489,4.68830699067044,0.5106350230665934,49.4930208873358,50.282965071768274,75545.08475665722,69.88635505033896,48.883663061757424,2.5395948501932546,1298762757,226192771.0,0.148327454044942,0.14505311014408
45940,"Trenton, NJ",0,242,368762,10.881109278270504,7.328093503420619,0.5346169301805154,117.0965899241012,67.0543602648863,100524.11922323884,49.70673131805111,48.88155641684923,2.8315632311291714,332876599,79489621.0,0.19276462800469,0.183196763217737
46060,"Tucson, AZ",0,630,1019722,6.05181817827578,4.383802949938656,0.4225797695544716,74.07459365442703,57.9542267402292,29307.50319891108,51.73329231595969,49.22727356803448,2.5379491474752864,936333162,140793617.0,0.13071220560565,0.13051210396092
46140,"Tulsa, OK",0,650,985233,3.753344233430589,3.2468285176357425,0.5129268544767512,60.40362238675034,36.055938036992266,46270.048730604845,64.96965303913808,49.099787591464896,2.591574943029745,769137345,86215222.0,0.100794953246455,0.100226965508326
46220,"Tuscaloosa, AL",0,147,241398,2.3682046558496066,2.3142351581857983,0.5130405316630482,38.1273122705254,0.0,17160.704504594072,59.54315328214164,48.14302867257806,2.826386621262304,249327278,25917947.0,0.094163112,0.093496242
46340,"Tyler, TX",0,130,225015,2.600738984764551,2.375065686524504,0.5397279724576618,46.36800271103257,0.0,24216.320796391352,59.72767521510317,48.261368482604894,2.928100620510312,194581249,19518333.0,0.091164741,0.090346713
RUT1,UT-NonMSA areas (NE),1,94,150894,1.1971838834732127,1.2588338427882668,0.6632567346542426,24.322982292617443,0.3187668164406802,6403.835281720943,83.92548883185759,50.81816570727192,3.037158862109523,153420894,22801692.0,0.129391427725388,0.129203910095961
RUT2,UT-NonMSA areas (S),1,121,171461,1.5801894862620347,1.1180086343784876,0.6503239167570332,32.70937341182607,1.6656849079382483,1835.6764628691076,83.23341579886082,50.835970312410105,3.01006182567584,150234281,23788610.0,0.136698165760273,0.13572507200907
RFL2,"Union County, FL",1,9,15239,0.3661420326226542,0.1123525644907434,0.547256774167892,6.85404940990898,0.0,3681.8417218977625,69.50924655296346,65.20943605828923,3.8643939393939393,6123230,888996.0,0.126778001735825,0.118017924211292
46540,"Utica-Rome, NY",0,249,293287,4.413387559939639,3.5180451539117192,0.4953567163000986,47.75251935912159,37.53422415586098,15012.39412248071,84.6676209522766,49.78734041970303,2.555871618250724,231553355,64121077.0,0.216863786855943,0.214448327
RVA1,VA-NonMSA areas (E),1,131,148920,0.3027933707880452,0.2753890348226456,0.5276161052053155,10.368285226806448,0.0,2086.473576416868,64.90865542666604,49.0939342909474,2.431857858413144,92754827,11367684.0,0.109176045514308,0.107420160151276
RVA2,VA-NonMSA areas (NW),1,87,150925,0.4322198248340894,0.3160803191947701,0.5024726419599229,8.289622615222498,0.0,3812.302249461653,83.84373850438804,49.16771769404593,2.572051295047899,85189551,11055221.0,0.114865678106651,0.108473789909177
RVA6,VA-NonMSA areas (S),1,139,167877,1.2138476055596412,1.1471805505708157,0.4462243324702461,23.965818719148544,0.0,8297.00657624332,62.62448494167677,47.76377593311149,2.334679568083018,145519517,18943205.0,0.11518236333216,0.113374268
RVA3,VA-NonMSA areas (SE),1,167,204696,0.9273669259566484,0.5399309024862571,0.5203189844573465,9.791327095758517,0.0,2742.9751192011568,55.360866727837454,50.54145956104239,2.6683556568076776,131861294,16830252.0,0.113189030935222,0.110934659528018
RVA4,VA-NonMSA areas (SW),1,282,310227,0.455437248817246,0.3877099536721555,0.4942379407112608,11.302215834241837,0.0,2553.4198925303085,93.2448560808328,50.31853762126056,2.4858246901803542,204435547,24426917.0,0.106731862329333,0.104321953108601
RVA5,VA-NonMSA areas (W),1,60,63493,1.4663911853172975,1.2912952948791316,0.5237657425252803,47.787436464777,33.96122407194494,2681.641094293859,89.16631267601201,49.440694765658186,2.4649422167067403,35861038,5322606.0,0.129240773351673,0.127742400407879
RVT2,VT-NonMSA areas (NE),1,179,213165,0.6196133761368731,0.7142553269720863,0.6020145054406986,14.588435600365807,28.5839607815542,2998.236173855933,94.36823579723016,49.84938414327539,2.385839219643458,128687033,25672247.0,0.166314892114034,0.164079988158892
RVT1,VT-NonMSA areas (S),1,198,193770,1.0258271878666565,1.2405656473979263,0.614430484442909,18.23660184200793,34.61062083913918,3811.558321721629,94.4006309148265,48.9358500747136,2.317652717652717,139166860,31642997.0,0.185252757397953,0.179304383882625
46660,"Valdosta, GA",0,94,144564,2.351237688837076,1.76313196272544,0.5035459061220978,40.5949741395096,0.0,9291.429290833126,55.471217699480434,48.63365791556274,2.7473909097784164,138371219,16278819.0,0.105262301972406,0.104592694912438
46700,"Vallejo-Fairfield, CA",0,285,438530,9.504303040693213,5.200499652969188,0.4746995551430589,88.75593140923526,77.92328917063827,24862.6158073564,38.03734023796537,49.75182706431674,2.94818002869249,445391486,71853483.0,0.138915769715297,0.135425852294295
47020,"Victoria, TX",0,71,99501,3.8792488886677714,2.892059931399744,0.5570257548704515,58.2028442259344,0.0,10173.667390277486,45.70399502377752,48.99070971366656,2.84929392258876,85566811,9021829.0,0.095379625,0.095177267
47220,"Vineland-Bridgeton, NJ",0,100,153400,4.684927580644981,2.6896265886787374,0.5246442802090493,45.35577647431794,44.99413298565841,19081.047398956976,46.40962173976011,51.140837096625546,2.994460762088746,130957372,25958568.0,0.165429770869677,0.159664207
47260,"Virginia Beach-Norfolk-Newport News, VA-NC",0,1162,1722001,6.833625791473016,4.881276477572968,0.4656124642624701,73.34044638559091,54.80182647977556,58792.45619659919,55.180387108143,49.2344728084672,2.6548790096706085,1599094060,223602735.0,0.122676868480476,0.122539560572303
47300,"Visalia-Porterville, CA",0,270,460477,6.22889502366561,3.2545952691668414,0.5430341608308474,61.58571112495096,6.542129140000477,13846.906064798024,28.51625250596452,50.00368046625013,3.3413243825865537,515999603,74536888.0,0.126218936739677,0.124522666
RWA3,WA-NonMSA areas (N),1,62,59649,0.6667750552788297,0.5484006361843392,0.5597047474373135,17.470650728566124,5.951482841288202,755.040352730138,70.6020602060206,50.70340367370071,2.375059382422803,34770873,6803861.0,0.163653747008941,0.160324648
RWA2,WA-NonMSA areas (SE),1,141,231350,5.834247778074043,3.6354053553382113,0.5381683172880831,44.60110621260472,11.394424032850658,3178.392102874433,66.3153624426177,50.78552364684531,2.821453529000699,154173070,29182238.0,0.159156767,0.157092025307319
RWA1,WA-NonMSA areas (W),1,294,358827,1.411221208813777,1.224140965816988,0.4880881780816529,32.71411119547745,34.86638407923596,2648.1663085553764,82.57746142375785,50.222299113824285,2.4162392425137185,249522844,45732322.0,0.154890844483988,0.153572499717404
RWI3,WI-NonMSA areas (N),1,428,468294,0.7377541390908373,0.6951299839770748,0.5696636213063527,18.705136844576508,0.0,3345.8499297449894,90.71869205991166,50.385128034245,2.2817844627164656,289675409,43895154.0,0.131591809556648,0.128065930067341
RWI1,WI-NonMSA areas (S),1,752,922198,1.3190968728688923,1.1359642484003012,0.57210761705476,28.16922644519473,0.0,10308.589596811096,91.03452461198012,50.82177202789018,2.4603837375482605,559623096,89890373.0,0.13839647257569,0.134265276575931
RWV1,WV-NonMSA areas (E),1,168,187686,0.5227677068415235,0.599783904425677,0.5409004567074794,15.667083832758356,0.0,2141.694985241307,95.16881278881516,49.95604112834919,2.44361187890538,119774871,15849556.0,0.116863579449445,0.116539486523673
RWV2,WV-NonMSA areas (NW),1,293,308476,1.1576136450465264,1.023592424337737,0.5253488824036231,29.309786541750928,0.0,5063.825208444093,94.89369055653914,49.793771743631375,2.5406446482268445,191843399,24038619.0,0.111350723986655,0.109618755342356
RWV3,WV-NonMSA areas (S),1,175,186441,0.669037449029872,0.6198116368817197,0.4875747129284385,17.899376662497346,0.0,2575.74561389394,93.21507567255412,48.67886289593253,2.376749666576027,102305480,12761983.0,0.110908702314919,0.106583246026
RWY1,WY-NonMSA areas (E),1,134,184365,2.307900672420597,1.933113557023549,0.5736552667850092,45.495291782873664,1.1780977951346514,3273.5760149703037,86.90521486731821,51.23441355843761,2.474032435921573,189752814,29795162.0,0.135711394579197,0.135575158536417
RWY2,WY-NonMSA areas (NW),1,92,125481,2.546728887250633,2.814411757762966,0.6559413558034192,34.98106094696403,2.2178656529673817,1913.260055307178,81.64927381171003,50.772498263376,2.510433161618794,117586347,17915503.0,0.132215929155211,0.13196353
RWY3,WY-NonMSA areas (SW),1,67,93688,2.08866581599286,1.709621769569364,0.6144050485019543,38.08334953458712,0.0,2652.613589787379,84.94857977113168,51.69504261760096,2.7917166147206904,71007333,10439426.0,0.128174848553519,0.128009306
47380,"Waco, TX",0,178,265728,3.5779749573719517,2.649214581592046,0.4974524048118804,63.35558105501202,0.0,25603.88160826108,55.62656272707286,48.70566140385525,2.8173495847899805,224768519,23428490.0,0.094394731,0.093975315
47460,"Walla Walla, WA",0,48,64237,3.910916717943716,2.9155887117999253,0.5331728966006861,69.12451512325856,26.17650263866619,6542.526051963821,72.52357940861134,51.012321891946485,2.6331573994517408,48001130,9325364.0,0.162671102823766,0.157300757542196
47580,"Warner Robins, GA",0,95,189943,2.4076650363339835,1.609502801158796,0.5244076983955639,34.71603923801692,0.0,9189.420710423654,54.83457376946651,48.38639064356745,2.706979500275117,191192371,22851357.0,0.106760227050428,0.105709902901384
RLA5,"Washington County, LA",1,30,46457,0.6237968169502089,0.4868597361699784,0.4362514185779597,21.10767025025408,0.0,3572.619885054997,65.5410789275331,49.3700872186928,2.63640492817805,38713519,3998393.0,0.093613065,0.091499224
47900,"Washington-Arlington-Alexandria, DC-VA-MD-WV",0,3570,6138382,14.921187315544955,13.289084510095096,0.4692203473095278,88.43628561433863,65.57591234954097,158092.6700974296,45.42124376254869,48.88192042746605,2.7953349113581623,4615347720,836431043.0,0.15342351173101,0.152614226872524
47940,"Waterloo-Cedar Falls, IA",0,133,170132,3.471325067149248,2.9091566369753803,0.5759210080251721,71.12223437757565,0.0,18684.66847506642,84.28601759890537,49.2385996366982,2.5031888508326445,147684440,18104846.0,0.109203956641686,0.107943537
48060,"Watertown-Fort Drum, NY",0,96,114448,2.0120796344828458,1.735087049101438,0.5112189054187112,27.86222647369112,0.0,4526.163480357892,81.6371563779444,52.521224366813776,2.640567229840408,88441058,22076757.0,0.199757450868894,0.198937205988904
48140,"Wausau, WI",0,103,135264,2.165929782512268,2.1499977673874966,0.5795814442382647,42.93521261090159,0.0,12887.904098651528,88.67248663180595,50.23486661348932,2.441062993545596,102117518,13961555.0,0.120276244797372,0.118449899108356
48260,"Weirton-Steubenville, WV-OH",0,120,119338,2.1291046636851494,1.7107423892726583,0.4699693829551792,46.63763350561933,0.0,5396.658566424777,92.18106299645557,48.67738742777868,2.3684758870790006,78596497,9957453.0,0.112445046211942,0.109847089271548
48300,"Wenatchee, WA",0,84,117128,4.165674630563345,3.182033191822649,0.5375792436603254,54.81704456411346,57.38935182023086,5569.7292961546345,66.61790075432128,50.16913033183371,2.709281279354824,94268825,19980254.0,0.174883282866552,0.174551656095608
48540,"Wheeling, WV-OH",0,149,142664,2.5527836493975906,2.2134678734636117,0.5558104686240095,70.2013371437884,0.0,7168.962968933999,93.40024739353242,49.977027743417565,2.552778780223746,105568583,13478758.0,0.11322183164091,0.111760103011559
48660,"Wichita Falls, TX",0,126,150994,3.623587185693879,2.245121263079234,0.5001984214632516,63.78314640775648,0.0,13008.580870763077,68.29977109113227,51.72013402780081,2.6955269794144474,123698679,13826689.0,0.100539189249797,0.100236549030368
48620,"Wichita, KS",0,473,643765,4.42636174625099,3.374676064466465,0.4921719189951996,74.4406359382445,41.10537230200461,45373.433712612525,72.059439095856,49.56684185231695,2.601577813808291,600099825,67683400.0,0.101355346265249,0.101218582250298
48700,"Williamsport, PA",0,113,114859,3.9822714158905512,3.219768073580864,0.5061780135611901,100.32050464819731,0.0,12151.169799493293,90.62888130849296,49.03962214641826,2.5067970531485706,90930153,17838362.0,0.164002993,0.160728603942276
48900,"Wilmington, NC",0,152,283251,3.3235374171324725,3.01533756009091,0.5700332188695282,56.66337493371263,37.76685695725699,17963.567048306977,76.68041215660841,48.12632440512317,2.4564824754212884,265496210,28875805.0,0.098092901,0.097056495
49020,"Winchester, VA-WV",0,86,136305,2.9194824328132163,2.398836377000813,0.498551053290183,36.22479482601174,0.0,12666.11943068853,81.99184717448645,49.8543100253595,2.68366451512256,113766105,14193529.0,0.110921925581625,0.108267658177542
49180,"Winston-Salem, NC",0,435,661798,2.1339414654860915,1.9114870523582577,0.4815453014244494,30.87569073178859,3.823523189855514,34414.83467311778,68.20115398009054,48.046279284796526,2.5151900693529448,524649164,63203356.0,0.107515667,0.105103327214272
49340,"Worcester, MA-CT",0,648,938818,5.392675844388256,3.983256160931076,0.5165398789330354,53.06824763034233,39.90049189512771,37315.37699745851,77.16590640131388,49.33073986177122,2.6523735996213063,778613340,160361528.0,0.170783621015935,0.16428918635865
49420,"Yakima, WA",0,149,249325,4.798231798112161,3.0714800953553274,0.5553531614077452,57.99654391239373,23.3783214679635,13288.565715431663,43.19515252486013,50.07829489341081,3.0066587997302765,203999245,36821982.0,0.152901729048993,0.152659961743692
20590,"Yanceyville, NC",0,18,22746,0.1558759068831089,0.1277785995863633,0.3901777677228435,3.157262763615409,0.0,2820.532533192649,61.17086933521425,50.23364485981309,2.4804811372334608,8349324,1229204.0,0.128329112782256,0.113242797230582
49620,"York-Hanover, PA",0,322,444014,4.601274880886884,3.505565690250786,0.5247197805522422,62.16892505845839,34.99101379686226,34968.7644758949,83.42015194191644,49.402892956134345,2.584168981736564,345782514,67380971.0,0.163085493869333,0.157894316218137
49660,"Youngstown-Warren-Boardman, OH-PA",0,520,545488,2.9942338094997103,2.3976237511396,0.5152591174333252,44.68441652085283,0.0,25725.4404826504,83.00882538581072,48.88861410806761,2.3514253600829744,454509732,64702628.0,0.124616887009392,0.12305771791617
49700,"Yuba City, CA",0,111,171365,5.848673262374254,3.22776374486815,0.5051194965297968,69.32162187108229,63.456948618446006,7401.876923525808,50.18699012576173,50.33716204071457,2.9236989320223765,175269626,26651323.0,0.131988895317642,0.130769250205926
49740,"Yuma, AZ",0,164,228530,5.905209656519253,3.3111605989165227,0.4295617723102594,71.12090254783273,58.68901238349451,7909.892434253708,33.35866690407842,51.4846196272925,2.7929382368638107,225866333,37622546.0,0.142786086998381,0.141263013277027
